energy_absolute_ev,energy_relative_fermi_ev,dos_states_per_ev_per_cell,integrated_states_per_cell
-12.0,-19.802,4.164e-86,4.164e-88
-11.99,-19.792,4.164e-86,8.328e-88
-11.98,-19.782,4.164e-86,1.249e-87
-11.97,-19.772,4.164e-86,1.666e-87
-11.96,-19.762,4.164e-86,2.082e-87
-11.95,-19.752,4.164e-86,2.498e-87
-11.94,-19.741999999999997,4.164e-86,2.915e-87
-11.93,-19.732,4.164e-86,3.331e-87
-11.92,-19.722,4.164e-86,3.748e-87
-11.91,-19.712,4.164e-86,4.164e-87
-11.9,-19.701999999999998,4.164e-86,4.581e-87
-11.89,-19.692,4.164e-86,4.997e-87
-11.88,-19.682000000000002,4.164e-86,5.413e-87
-11.87,-19.671999999999997,4.164e-86,5.83e-87
-11.86,-19.662,4.164e-86,6.246e-87
-11.85,-19.652,4.164e-86,6.663e-87
-11.84,-19.642,4.164e-86,7.079e-87
-11.83,-19.631999999999998,4.164e-86,7.495e-87
-11.82,-19.622,4.164e-86,7.912e-87
-11.81,-19.612000000000002,4.164e-86,8.328e-87
-11.8,-19.602,4.164e-86,8.745e-87
-11.79,-19.592,4.164e-86,9.161e-87
-11.78,-19.582,4.164e-86,9.578e-87
-11.77,-19.572,4.164e-86,9.994e-87
-11.76,-19.561999999999998,4.164e-86,1.041e-86
-11.75,-19.552,4.164e-86,1.083e-86
-11.74,-19.542,4.164e-86,1.124e-86
-11.73,-19.532,4.164e-86,1.166e-86
-11.72,-19.522,4.164e-86,1.208e-86
-11.71,-19.512,4.164e-86,1.249e-86
-11.7,-19.502,4.164e-86,1.291e-86
-11.69,-19.491999999999997,4.164e-86,1.333e-86
-11.68,-19.482,4.164e-86,1.374e-86
-11.67,-19.472,4.164e-86,1.416e-86
-11.66,-19.462,4.164e-86,1.457e-86
-11.65,-19.451999999999998,4.164e-86,1.499e-86
-11.64,-19.442,4.164e-86,1.541e-86
-11.63,-19.432000000000002,4.164e-86,1.582e-86
-11.62,-19.421999999999997,4.164e-86,1.624e-86
-11.61,-19.412,4.164e-86,1.666e-86
-11.6,-19.402,4.164e-86,1.707e-86
-11.59,-19.392,4.164e-86,1.749e-86
-11.58,-19.381999999999998,4.164e-86,1.791e-86
-11.57,-19.372,4.164e-86,1.832e-86
-11.56,-19.362000000000002,4.164e-86,1.874e-86
-11.55,-19.352,4.164e-86,1.916e-86
-11.54,-19.342,4.164e-86,1.957e-86
-11.53,-19.332,4.164e-86,1.999e-86
-11.52,-19.322,4.164e-86,2.04e-86
-11.51,-19.311999999999998,4.164e-86,2.082e-86
-11.5,-19.302,4.164e-86,2.124e-86
-11.49,-19.292,4.164e-86,2.165e-86
-11.48,-19.282,4.164e-86,2.207e-86
-11.47,-19.272,4.164e-86,2.249e-86
-11.46,-19.262,4.164e-86,2.29e-86
-11.45,-19.252,4.164e-86,2.332e-86
-11.44,-19.241999999999997,4.164e-86,2.374e-86
-11.43,-19.232,4.164e-86,2.415e-86
-11.42,-19.222,4.164e-86,2.457e-86
-11.41,-19.212,4.164e-86,2.498e-86
-11.4,-19.201999999999998,4.164e-86,2.54e-86
-11.39,-19.192,4.164e-86,2.582e-86
-11.38,-19.182000000000002,4.164e-86,2.623e-86
-11.37,-19.171999999999997,4.164e-86,2.665e-86
-11.36,-19.162,4.164e-86,2.707e-86
-11.35,-19.152,4.164e-86,2.748e-86
-11.34,-19.142,4.164e-86,2.79e-86
-11.33,-19.131999999999998,4.164e-86,2.832e-86
-11.32,-19.122,4.164e-86,2.873e-86
-11.31,-19.112000000000002,4.164e-86,2.915e-86
-11.3,-19.102,4.164e-86,2.957e-86
-11.29,-19.092,4.164e-86,2.998e-86
-11.28,-19.082,4.164e-86,3.04e-86
-11.27,-19.072,4.164e-86,3.081e-86
-11.26,-19.061999999999998,4.164e-86,3.123e-86
-11.25,-19.052,4.164e-86,3.165e-86
-11.24,-19.042,4.164e-86,3.206e-86
-11.23,-19.032,4.164e-86,3.248e-86
-11.22,-19.022,4.164e-86,3.29e-86
-11.21,-19.012,4.164e-86,3.331e-86
-11.2,-19.002,4.164e-86,3.373e-86
-11.19,-18.991999999999997,4.164e-86,3.415e-86
-11.18,-18.982,4.164e-86,3.456e-86
-11.17,-18.972,4.164e-86,3.498e-86
-11.16,-18.962,4.164e-86,3.54e-86
-11.15,-18.951999999999998,4.164e-86,3.581e-86
-11.14,-18.942,4.164e-86,3.623e-86
-11.13,-18.932000000000002,4.164e-86,3.664e-86
-11.12,-18.921999999999997,4.164e-86,3.706e-86
-11.11,-18.912,4.164e-86,3.748e-86
-11.1,-18.902,4.164e-86,3.789e-86
-11.09,-18.892,4.164e-86,3.831e-86
-11.08,-18.881999999999998,4.164e-86,3.873e-86
-11.07,-18.872,4.164e-86,3.914e-86
-11.06,-18.862000000000002,4.164e-86,3.956e-86
-11.05,-18.852,4.164e-86,3.998e-86
-11.04,-18.842,4.164e-86,4.039e-86
-11.03,-18.832,4.164e-86,4.081e-86
-11.02,-18.822,4.164e-86,4.123e-86
-11.01,-18.811999999999998,4.164e-86,4.164e-86
-11.0,-18.802,4.164e-86,4.206e-86
-10.99,-18.792,4.164e-86,4.247e-86
-10.98,-18.782,4.164e-86,4.289e-86
-10.97,-18.772,4.164e-86,4.331e-86
-10.96,-18.762,4.164e-86,4.372e-86
-10.95,-18.752,4.164e-86,4.414e-86
-10.94,-18.741999999999997,4.164e-86,4.456e-86
-10.93,-18.732,4.164e-86,4.497e-86
-10.92,-18.722,4.164e-86,4.539e-86
-10.91,-18.712,4.164e-86,4.581e-86
-10.9,-18.701999999999998,4.164e-86,4.622e-86
-10.89,-18.692,4.164e-86,4.664e-86
-10.88,-18.682000000000002,4.164e-86,4.705e-86
-10.87,-18.671999999999997,4.164e-86,4.747e-86
-10.86,-18.662,4.164e-86,4.789e-86
-10.85,-18.652,4.164e-86,4.83e-86
-10.84,-18.642,4.164e-86,4.872e-86
-10.83,-18.631999999999998,4.164e-86,4.914e-86
-10.82,-18.622,4.164e-86,4.955e-86
-10.81,-18.612000000000002,4.164e-86,4.997e-86
-10.8,-18.602,4.164e-86,5.039e-86
-10.79,-18.592,4.164e-86,5.08e-86
-10.78,-18.582,4.164e-86,5.122e-86
-10.77,-18.572,4.164e-86,5.164e-86
-10.76,-18.561999999999998,4.164e-86,5.205e-86
-10.75,-18.552,4.164e-86,5.247e-86
-10.74,-18.542,4.164e-86,5.288e-86
-10.73,-18.532,4.164e-86,5.33e-86
-10.72,-18.522,4.164e-86,5.372e-86
-10.71,-18.512,4.164e-86,5.413e-86
-10.7,-18.502,4.164e-86,5.455e-86
-10.69,-18.491999999999997,4.164e-86,5.497e-86
-10.68,-18.482,4.164e-86,5.538e-86
-10.67,-18.472,4.164e-86,5.58e-86
-10.66,-18.462,4.164e-86,5.622e-86
-10.65,-18.451999999999998,4.164e-86,5.663e-86
-10.64,-18.442,4.164e-86,5.705e-86
-10.63,-18.432000000000002,4.164e-86,5.747e-86
-10.62,-18.421999999999997,4.164e-86,5.788e-86
-10.61,-18.412,4.164e-86,5.83e-86
-10.6,-18.402,4.164e-86,5.871e-86
-10.59,-18.392,4.164e-86,5.913e-86
-10.58,-18.381999999999998,4.164e-86,5.955e-86
-10.57,-18.372,4.164e-86,5.996e-86
-10.56,-18.362000000000002,4.164e-86,6.038e-86
-10.55,-18.352,4.164e-86,6.08e-86
-10.54,-18.342,4.164e-86,6.121e-86
-10.53,-18.332,4.164e-86,6.163e-86
-10.52,-18.322,4.164e-86,6.205e-86
-10.51,-18.311999999999998,4.164e-86,6.246e-86
-10.5,-18.302,4.164e-86,6.288e-86
-10.49,-18.292,4.164e-86,6.33e-86
-10.48,-18.282,4.164e-86,6.371e-86
-10.47,-18.272,4.164e-86,6.413e-86
-10.46,-18.262,4.164e-86,6.454e-86
-10.45,-18.252,4.164e-86,6.496e-86
-10.44,-18.241999999999997,4.164e-86,6.538e-86
-10.43,-18.232,4.164e-86,6.579e-86
-10.42,-18.222,4.164e-86,6.621e-86
-10.41,-18.212,4.164e-86,6.663e-86
-10.4,-18.201999999999998,4.164e-86,6.704e-86
-10.39,-18.192,4.164e-86,6.746e-86
-10.38,-18.182000000000002,4.164e-86,6.788e-86
-10.37,-18.171999999999997,4.164e-86,6.829e-86
-10.36,-18.162,4.164e-86,6.871e-86
-10.35,-18.152,4.164e-86,6.913e-86
-10.34,-18.142,4.164e-86,6.954e-86
-10.33,-18.131999999999998,4.164e-86,6.996e-86
-10.32,-18.122,4.164e-86,7.037e-86
-10.31,-18.112000000000002,4.164e-86,7.079e-86
-10.3,-18.102,4.164e-86,7.121e-86
-10.29,-18.092,4.164e-86,7.162e-86
-10.28,-18.082,4.164e-86,7.204e-86
-10.27,-18.072,4.164e-86,7.246e-86
-10.26,-18.061999999999998,4.164e-86,7.287e-86
-10.25,-18.052,4.164e-86,7.329e-86
-10.24,-18.042,4.164e-86,7.371e-86
-10.23,-18.032,4.164e-86,7.412e-86
-10.22,-18.022,4.164e-86,7.454e-86
-10.21,-18.012,4.164e-86,7.495e-86
-10.2,-18.002,4.164e-86,7.537e-86
-10.19,-17.991999999999997,4.164e-86,7.579e-86
-10.18,-17.982,4.164e-86,7.62e-86
-10.17,-17.972,4.164e-86,7.662e-86
-10.16,-17.962,4.164e-86,7.704e-86
-10.15,-17.951999999999998,4.164e-86,7.745e-86
-10.14,-17.942,4.164e-86,7.787e-86
-10.13,-17.932000000000002,4.164e-86,7.829e-86
-10.12,-17.921999999999997,4.164e-86,7.87e-86
-10.11,-17.912,4.164e-86,7.912e-86
-10.1,-17.902,4.164e-86,7.954e-86
-10.09,-17.892,4.164e-86,7.995e-86
-10.08,-17.881999999999998,4.164e-86,8.037e-86
-10.07,-17.872,4.164e-86,8.078e-86
-10.06,-17.862000000000002,4.164e-86,8.12e-86
-10.05,-17.852,4.164e-86,8.162e-86
-10.04,-17.842,4.164e-86,8.203e-86
-10.03,-17.832,4.164e-86,8.245e-86
-10.02,-17.822,4.164e-86,8.287e-86
-10.01,-17.811999999999998,4.164e-86,8.328e-86
-10.0,-17.802,4.164e-86,8.37e-86
-9.99,-17.792,4.164e-86,8.412e-86
-9.98,-17.782,4.164e-86,8.453e-86
-9.97,-17.772,4.164e-86,8.495e-86
-9.96,-17.762,4.164e-86,8.537e-86
-9.95,-17.752,4.164e-86,8.578e-86
-9.94,-17.741999999999997,4.164e-86,8.62e-86
-9.93,-17.732,4.164e-86,8.661e-86
-9.92,-17.722,4.164e-86,8.703e-86
-9.91,-17.712,4.164e-86,8.745e-86
-9.9,-17.701999999999998,4.164e-86,8.786e-86
-9.89,-17.692,4.164e-86,8.828e-86
-9.88,-17.682000000000002,4.164e-86,8.87e-86
-9.87,-17.671999999999997,4.164e-86,8.911e-86
-9.86,-17.662,4.164e-86,8.953e-86
-9.85,-17.652,4.164e-86,8.995e-86
-9.84,-17.642,4.164e-86,9.036e-86
-9.83,-17.631999999999998,4.164e-86,9.078e-86
-9.82,-17.622,4.164e-86,9.12e-86
-9.81,-17.612000000000002,4.164e-86,9.161e-86
-9.8,-17.602,4.164e-86,9.203e-86
-9.79,-17.592,4.164e-86,9.244e-86
-9.78,-17.582,4.164e-86,9.286e-86
-9.77,-17.572,4.164e-86,9.328e-86
-9.76,-17.561999999999998,4.164e-86,9.369e-86
-9.75,-17.552,4.164e-86,9.411e-86
-9.74,-17.542,4.164e-86,9.453e-86
-9.73,-17.532,4.164e-86,9.494e-86
-9.72,-17.522,4.164e-86,9.536e-86
-9.71,-17.512,4.164e-86,9.578e-86
-9.7,-17.502,4.164e-86,9.619e-86
-9.69,-17.491999999999997,4.164e-86,9.661e-86
-9.68,-17.482,4.164e-86,9.702e-86
-9.67,-17.472,4.164e-86,9.744e-86
-9.66,-17.462,4.164e-86,9.786e-86
-9.65,-17.451999999999998,4.164e-86,9.827e-86
-9.64,-17.442,4.164e-86,9.869e-86
-9.63,-17.432000000000002,4.164e-86,9.911e-86
-9.62,-17.421999999999997,4.164e-86,9.952e-86
-9.61,-17.412,4.164e-86,9.994e-86
-9.6,-17.402,4.164e-86,1.004e-85
-9.59,-17.392,4.164e-86,1.008e-85
-9.58,-17.381999999999998,4.164e-86,1.012e-85
-9.57,-17.372,4.164e-86,1.016e-85
-9.56,-17.362000000000002,4.164e-86,1.02e-85
-9.55,-17.352,4.164e-86,1.024e-85
-9.54,-17.342,4.164e-86,1.029e-85
-9.53,-17.332,4.164e-86,1.033e-85
-9.52,-17.322,4.164e-86,1.037e-85
-9.51,-17.311999999999998,4.164e-86,1.041e-85
-9.5,-17.302,4.164e-86,1.045e-85
-9.49,-17.292,4.164e-86,1.049e-85
-9.48,-17.282,4.164e-86,1.054e-85
-9.47,-17.272,4.164e-86,1.058e-85
-9.46,-17.262,4.164e-86,1.062e-85
-9.45,-17.252,4.164e-86,1.066e-85
-9.44,-17.241999999999997,4.164e-86,1.07e-85
-9.43,-17.232,4.164e-86,1.074e-85
-9.42,-17.222,4.164e-86,1.079e-85
-9.41,-17.212,4.164e-86,1.083e-85
-9.4,-17.201999999999998,4.164e-86,1.087e-85
-9.39,-17.192,4.164e-86,1.091e-85
-9.38,-17.182000000000002,4.164e-86,1.095e-85
-9.37,-17.171999999999997,4.164e-86,1.099e-85
-9.36,-17.162,4.164e-86,1.104e-85
-9.35,-17.152,4.164e-86,1.108e-85
-9.34,-17.142,4.164e-86,1.112e-85
-9.33,-17.131999999999998,4.164e-86,1.116e-85
-9.32,-17.122,4.164e-86,1.12e-85
-9.31,-17.112000000000002,4.164e-86,1.124e-85
-9.3,-17.102,4.164e-86,1.128e-85
-9.29,-17.092,4.164e-86,1.133e-85
-9.28,-17.082,4.164e-86,1.137e-85
-9.27,-17.072,4.164e-86,1.141e-85
-9.26,-17.061999999999998,4.164e-86,1.145e-85
-9.25,-17.052,4.164e-86,1.149e-85
-9.24,-17.042,4.164e-86,1.153e-85
-9.23,-17.032,4.164e-86,1.158e-85
-9.22,-17.022,4.164e-86,1.162e-85
-9.21,-17.012,4.164e-86,1.166e-85
-9.2,-17.002,4.164e-86,1.17e-85
-9.19,-16.991999999999997,4.164e-86,1.174e-85
-9.18,-16.982,4.164e-86,1.178e-85
-9.17,-16.972,4.164e-86,1.183e-85
-9.16,-16.962,4.164e-86,1.187e-85
-9.15,-16.951999999999998,4.164e-86,1.191e-85
-9.14,-16.942,4.164e-86,1.195e-85
-9.13,-16.932000000000002,4.164e-86,1.199e-85
-9.12,-16.921999999999997,4.164e-86,1.203e-85
-9.11,-16.912,4.164e-86,1.208e-85
-9.1,-16.902,4.164e-86,1.212e-85
-9.09,-16.892,4.164e-86,1.216e-85
-9.08,-16.881999999999998,4.164e-86,1.22e-85
-9.07,-16.872,4.164e-86,1.224e-85
-9.06,-16.862000000000002,4.164e-86,1.228e-85
-9.05,-16.852,4.164e-86,1.233e-85
-9.04,-16.842,4.164e-86,1.237e-85
-9.03,-16.832,4.164e-86,1.241e-85
-9.02,-16.822,4.164e-86,1.245e-85
-9.01,-16.811999999999998,4.164e-86,1.249e-85
-9.0,-16.802,4.164e-86,1.253e-85
-8.99,-16.792,4.164e-86,1.258e-85
-8.98,-16.782,4.164e-86,1.262e-85
-8.97,-16.772,4.164e-86,1.266e-85
-8.96,-16.762,4.164e-86,1.27e-85
-8.95,-16.752,4.164e-86,1.274e-85
-8.94,-16.741999999999997,4.164e-86,1.278e-85
-8.93,-16.732,4.164e-86,1.283e-85
-8.92,-16.722,4.164e-86,1.287e-85
-8.91,-16.712,4.164e-86,1.291e-85
-8.9,-16.701999999999998,4.164e-86,1.295e-85
-8.89,-16.692,4.164e-86,1.299e-85
-8.88,-16.682000000000002,4.164e-86,1.303e-85
-8.87,-16.671999999999997,4.164e-86,1.308e-85
-8.86,-16.662,4.164e-86,1.312e-85
-8.85,-16.652,4.164e-86,1.316e-85
-8.84,-16.642,4.164e-86,1.32e-85
-8.83,-16.631999999999998,4.164e-86,1.324e-85
-8.82,-16.622,4.164e-86,1.328e-85
-8.81,-16.612000000000002,4.164e-86,1.333e-85
-8.8,-16.602,4.164e-86,1.337e-85
-8.79,-16.592,4.164e-86,1.341e-85
-8.78,-16.582,4.164e-86,1.345e-85
-8.77,-16.572,4.164e-86,1.349e-85
-8.76,-16.561999999999998,4.164e-86,1.353e-85
-8.75,-16.552,4.164e-86,1.358e-85
-8.74,-16.542,4.164e-86,1.362e-85
-8.73,-16.532,4.164e-86,1.366e-85
-8.72,-16.522,4.164e-86,1.37e-85
-8.71,-16.512,4.164e-86,1.374e-85
-8.7,-16.502,4.164e-86,1.378e-85
-8.69,-16.491999999999997,4.164e-86,1.383e-85
-8.68,-16.482,4.164e-86,1.387e-85
-8.67,-16.472,4.164e-86,1.391e-85
-8.66,-16.462,4.164e-86,1.395e-85
-8.65,-16.451999999999998,4.164e-86,1.399e-85
-8.64,-16.442,4.164e-86,1.403e-85
-8.63,-16.432000000000002,4.164e-86,1.407e-85
-8.62,-16.421999999999997,4.164e-86,1.412e-85
-8.61,-16.412,4.164e-86,1.416e-85
-8.6,-16.402,4.164e-86,1.42e-85
-8.59,-16.392,4.164e-86,1.424e-85
-8.58,-16.381999999999998,4.164e-86,1.428e-85
-8.57,-16.372,4.164e-86,1.432e-85
-8.56,-16.362000000000002,4.164e-86,1.437e-85
-8.55,-16.352,4.164e-86,1.441e-85
-8.54,-16.342,4.164e-86,1.445e-85
-8.53,-16.332,4.164e-86,1.449e-85
-8.52,-16.322,4.164e-86,1.453e-85
-8.51,-16.311999999999998,4.164e-86,1.457e-85
-8.5,-16.302,4.164e-86,1.462e-85
-8.49,-16.292,4.164e-86,1.466e-85
-8.48,-16.282,4.164e-86,1.47e-85
-8.47,-16.272,4.164e-86,1.474e-85
-8.46,-16.262,4.164e-86,1.478e-85
-8.45,-16.252,4.164e-86,1.482e-85
-8.44,-16.241999999999997,4.164e-86,1.487e-85
-8.43,-16.232,4.164e-86,1.491e-85
-8.42,-16.222,4.164e-86,1.495e-85
-8.41,-16.212,4.164e-86,1.499e-85
-8.4,-16.201999999999998,4.164e-86,1.503e-85
-8.39,-16.192,4.164e-86,1.507e-85
-8.38,-16.182000000000002,4.164e-86,1.512e-85
-8.37,-16.171999999999997,4.164e-86,1.516e-85
-8.36,-16.162,4.164e-86,1.52e-85
-8.35,-16.152,4.164e-86,1.524e-85
-8.34,-16.142,4.164e-86,1.528e-85
-8.33,-16.131999999999998,4.164e-86,1.532e-85
-8.32,-16.122,4.164e-86,1.537e-85
-8.31,-16.112000000000002,4.164e-86,1.541e-85
-8.3,-16.102,4.164e-86,1.545e-85
-8.29,-16.092,4.164e-86,1.549e-85
-8.28,-16.082,4.164e-86,1.553e-85
-8.27,-16.072,4.164e-86,1.557e-85
-8.26,-16.061999999999998,4.164e-86,1.562e-85
-8.25,-16.052,4.164e-86,1.566e-85
-8.24,-16.042,4.164e-86,1.57e-85
-8.23,-16.032,4.164e-86,1.574e-85
-8.22,-16.022,4.164e-86,1.578e-85
-8.21,-16.012,4.164e-86,1.582e-85
-8.2,-16.002,4.164e-86,1.587e-85
-8.19,-15.991999999999999,4.164e-86,1.591e-85
-8.18,-15.982,4.164e-86,1.595e-85
-8.17,-15.972,4.164e-86,1.599e-85
-8.16,-15.962,4.164e-86,1.603e-85
-8.15,-15.952,4.164e-86,1.607e-85
-8.14,-15.942,4.164e-86,1.612e-85
-8.13,-15.932,4.164e-86,1.616e-85
-8.12,-15.921999999999999,4.164e-86,1.62e-85
-8.11,-15.911999999999999,4.164e-86,1.624e-85
-8.1,-15.902,4.164e-86,1.628e-85
-8.09,-15.892,4.164e-86,1.632e-85
-8.08,-15.882,4.164e-86,1.637e-85
-8.07,-15.872,4.164e-86,1.641e-85
-8.06,-15.862,4.164e-86,1.645e-85
-8.05,-15.852,4.164e-86,1.649e-85
-8.04,-15.841999999999999,4.164e-86,1.653e-85
-8.03,-15.831999999999999,4.164e-86,1.657e-85
-8.02,-15.822,4.164e-86,1.661e-85
-8.01,-15.812,4.164e-86,1.666e-85
-8.0,-15.802,4.164e-86,1.67e-85
-7.99,-15.792,4.164e-86,1.674e-85
-7.98,-15.782,4.164e-86,1.678e-85
-7.97,-15.771999999999998,4.164e-86,1.682e-85
-7.96,-15.762,4.164e-86,1.686e-85
-7.95,-15.751999999999999,4.164e-86,1.691e-85
-7.94,-15.742,4.164e-86,1.695e-85
-7.93,-15.732,4.164e-86,1.699e-85
-7.92,-15.722,4.164e-86,1.703e-85
-7.91,-15.712,4.164e-86,1.707e-85
-7.9,-15.702,4.164e-86,1.711e-85
-7.89,-15.692,4.164e-86,1.716e-85
-7.88,-15.681999999999999,4.164e-86,1.72e-85
-7.87,-15.672,4.164e-86,1.724e-85
-7.86,-15.661999999999999,4.164e-86,1.728e-85
-7.85,-15.652,4.164e-86,1.732e-85
-7.84,-15.642,4.164e-86,1.736e-85
-7.83,-15.632,4.164e-86,1.741e-85
-7.82,-15.622,4.164e-86,1.745e-85
-7.81,-15.611999999999998,4.164e-86,1.749e-85
-7.8,-15.602,4.164e-86,1.753e-85
-7.79,-15.591999999999999,4.164e-86,1.757e-85
-7.78,-15.582,4.164e-86,1.761e-85
-7.77,-15.572,4.164e-86,1.766e-85
-7.76,-15.562,4.164e-86,1.77e-85
-7.75,-15.552,4.164e-86,1.774e-85
-7.74,-15.542,4.164e-86,1.778e-85
-7.73,-15.532,4.164e-86,1.782e-85
-7.72,-15.521999999999998,4.164e-86,1.786e-85
-7.71,-15.512,4.164e-86,1.791e-85
-7.7,-15.501999999999999,4.164e-86,1.795e-85
-7.69,-15.492,4.164e-86,1.799e-85
-7.68,-15.482,4.164e-86,1.803e-85
-7.67,-15.472,4.164e-86,1.807e-85
-7.66,-15.462,4.164e-86,1.811e-85
-7.65,-15.452,4.164e-86,1.816e-85
-7.64,-15.442,4.164e-86,1.82e-85
-7.63,-15.431999999999999,4.164e-86,1.824e-85
-7.62,-15.422,4.164e-86,1.828e-85
-7.61,-15.411999999999999,4.164e-86,1.832e-85
-7.6,-15.402,4.164e-86,1.836e-85
-7.59,-15.392,4.164e-86,1.841e-85
-7.58,-15.382,4.164e-86,1.845e-85
-7.57,-15.372,4.164e-86,1.849e-85
-7.56,-15.361999999999998,4.164e-86,1.853e-85
-7.55,-15.352,4.164e-86,1.857e-85
-7.54,-15.341999999999999,4.164e-86,1.861e-85
-7.53,-15.332,4.164e-86,1.866e-85
-7.52,-15.322,4.164e-86,1.87e-85
-7.51,-15.312,4.164e-86,1.874e-85
-7.5,-15.302,4.164e-86,1.878e-85
-7.49,-15.292,4.164e-86,1.882e-85
-7.48,-15.282,4.164e-86,1.886e-85
-7.47,-15.271999999999998,4.164e-86,1.891e-85
-7.46,-15.262,4.164e-86,1.895e-85
-7.45,-15.251999999999999,4.164e-86,1.899e-85
-7.44,-15.242,4.164e-86,1.903e-85
-7.43,-15.232,4.164e-86,1.907e-85
-7.42,-15.222,4.164e-86,1.911e-85
-7.41,-15.212,4.164e-86,1.916e-85
-7.4,-15.202,4.164e-86,1.92e-85
-7.39,-15.192,4.164e-86,1.924e-85
-7.38,-15.181999999999999,4.164e-86,1.928e-85
-7.37,-15.172,4.164e-86,1.932e-85
-7.36,-15.161999999999999,4.164e-86,1.936e-85
-7.35,-15.152,4.164e-86,1.94e-85
-7.34,-15.142,4.164e-86,1.945e-85
-7.33,-15.132,4.164e-86,1.949e-85
-7.32,-15.122,4.164e-86,1.953e-85
-7.31,-15.111999999999998,4.164e-86,1.957e-85
-7.3,-15.102,4.164e-86,1.961e-85
-7.29,-15.091999999999999,4.164e-86,1.965e-85
-7.28,-15.082,4.164e-86,1.97e-85
-7.27,-15.072,4.164e-86,1.974e-85
-7.26,-15.062,4.164e-86,1.978e-85
-7.25,-15.052,4.164e-86,1.982e-85
-7.24,-15.042,4.164e-86,1.986e-85
-7.23,-15.032,4.164e-86,1.99e-85
-7.22,-15.021999999999998,4.164e-86,1.995e-85
-7.21,-15.012,4.164e-86,1.999e-85
-7.2,-15.001999999999999,4.164e-86,2.003e-85
-7.19,-14.992,4.164e-86,2.007e-85
-7.18,-14.982,4.164e-86,2.011e-85
-7.17,-14.972,4.164e-86,2.015e-85
-7.16,-14.962,4.164e-86,2.02e-85
-7.15,-14.952,4.164e-86,2.024e-85
-7.14,-14.942,4.164e-86,2.028e-85
-7.13,-14.931999999999999,4.164e-86,2.032e-85
-7.12,-14.922,4.164e-86,2.036e-85
-7.11,-14.911999999999999,4.164e-86,2.04e-85
-7.1,-14.902,4.164e-86,2.045e-85
-7.09,-14.892,4.164e-86,2.049e-85
-7.08,-14.882,4.164e-86,2.053e-85
-7.07,-14.872,4.164e-86,2.057e-85
-7.06,-14.861999999999998,4.164e-86,2.061e-85
-7.05,-14.852,4.164e-86,2.065e-85
-7.04,-14.841999999999999,4.164e-86,2.07e-85
-7.03,-14.832,4.164e-86,2.074e-85
-7.02,-14.822,4.164e-86,2.078e-85
-7.01,-14.812,4.164e-86,2.082e-85
-7.0,-14.802,4.164e-86,2.086e-85
-6.99,-14.792,4.164e-86,2.09e-85
-6.98,-14.782,4.164e-86,2.095e-85
-6.97,-14.771999999999998,4.164e-86,2.099e-85
-6.96,-14.762,4.164e-86,2.103e-85
-6.95,-14.751999999999999,4.164e-86,2.107e-85
-6.94,-14.742,4.164e-86,2.111e-85
-6.93,-14.732,4.164e-86,2.115e-85
-6.92,-14.722,4.164e-86,2.12e-85
-6.91,-14.712,4.164e-86,2.124e-85
-6.9,-14.702,4.164e-86,2.128e-85
-6.89,-14.692,4.164e-86,2.132e-85
-6.88,-14.681999999999999,4.164e-86,2.136e-85
-6.87,-14.672,4.164e-86,2.14e-85
-6.86,-14.661999999999999,4.164e-86,2.145e-85
-6.85,-14.652,4.164e-86,2.149e-85
-6.84,-14.642,4.164e-86,2.153e-85
-6.83,-14.632,4.164e-86,2.157e-85
-6.82,-14.622,4.164e-86,2.161e-85
-6.81,-14.611999999999998,4.164e-86,2.165e-85
-6.8,-14.602,4.164e-86,2.17e-85
-6.79,-14.591999999999999,4.164e-86,2.174e-85
-6.78,-14.582,4.164e-86,2.178e-85
-6.77,-14.572,4.164e-86,2.182e-85
-6.76,-14.562,4.164e-86,2.186e-85
-6.75,-14.552,4.164e-86,2.19e-85
-6.74,-14.542,4.164e-86,2.195e-85
-6.73,-14.532,4.164e-86,2.199e-85
-6.72,-14.521999999999998,4.164e-86,2.203e-85
-6.71,-14.512,4.164e-86,2.207e-85
-6.7,-14.501999999999999,4.164e-86,2.211e-85
-6.69,-14.492,4.164e-86,2.215e-85
-6.68,-14.482,4.164e-86,2.219e-85
-6.67,-14.472,4.164e-86,2.224e-85
-6.66,-14.462,4.164e-86,2.228e-85
-6.65,-14.452,4.164e-86,2.232e-85
-6.64,-14.442,4.164e-86,2.236e-85
-6.63,-14.431999999999999,4.164e-86,2.24e-85
-6.62,-14.422,4.164e-86,2.244e-85
-6.61,-14.411999999999999,4.164e-86,2.249e-85
-6.6,-14.402,4.164e-86,2.253e-85
-6.59,-14.392,4.164e-86,2.257e-85
-6.58,-14.382,4.164e-86,2.261e-85
-6.57,-14.372,4.164e-86,2.265e-85
-6.56,-14.361999999999998,4.164e-86,2.269e-85
-6.55,-14.352,4.164e-86,2.274e-85
-6.54,-14.341999999999999,4.164e-86,2.278e-85
-6.53,-14.332,4.164e-86,2.282e-85
-6.52,-14.322,4.164e-86,2.286e-85
-6.51,-14.312,4.164e-86,2.29e-85
-6.5,-14.302,4.164e-86,2.294e-85
-6.49,-14.292,4.164e-86,2.299e-85
-6.48,-14.282,4.164e-86,2.303e-85
-6.47,-14.271999999999998,4.164e-86,2.307e-85
-6.46,-14.262,4.164e-86,2.311e-85
-6.45,-14.251999999999999,4.164e-86,2.315e-85
-6.44,-14.242,4.164e-86,2.319e-85
-6.43,-14.232,4.164e-86,2.324e-85
-6.42,-14.222,4.164e-86,2.328e-85
-6.41,-14.212,4.164e-86,2.332e-85
-6.4,-14.202,4.164e-86,2.336e-85
-6.39,-14.192,4.164e-86,2.34e-85
-6.38,-14.181999999999999,4.164e-86,2.344e-85
-6.37,-14.172,4.164e-86,2.349e-85
-6.36,-14.161999999999999,4.164e-86,2.353e-85
-6.35,-14.152,4.164e-86,2.357e-85
-6.34,-14.142,4.164e-86,2.361e-85
-6.33,-14.132,4.164e-86,2.365e-85
-6.32,-14.122,4.164e-86,2.369e-85
-6.31,-14.111999999999998,4.164e-86,2.374e-85
-6.3,-14.102,4.164e-86,2.378e-85
-6.29,-14.091999999999999,4.164e-86,2.382e-85
-6.28,-14.082,4.164e-86,2.386e-85
-6.27,-14.072,4.164e-86,2.39e-85
-6.26,-14.062,4.164e-86,2.394e-85
-6.25,-14.052,4.164e-86,2.399e-85
-6.24,-14.042,4.164e-86,2.403e-85
-6.23,-14.032,4.164e-86,2.407e-85
-6.22,-14.021999999999998,4.164e-86,2.411e-85
-6.21,-14.012,4.164e-86,2.415e-85
-6.2,-14.001999999999999,4.164e-86,2.419e-85
-6.19,-13.992,4.164e-86,2.424e-85
-6.18,-13.982,4.164e-86,2.428e-85
-6.17,-13.972,4.164e-86,2.432e-85
-6.16,-13.962,4.164e-86,2.436e-85
-6.15,-13.952,4.164e-86,2.44e-85
-6.14,-13.942,4.164e-86,2.444e-85
-6.13,-13.931999999999999,4.164e-86,2.449e-85
-6.12,-13.922,4.164e-86,2.453e-85
-6.11,-13.911999999999999,4.164e-86,2.457e-85
-6.1,-13.902,4.164e-86,2.461e-85
-6.09,-13.892,4.164e-86,2.465e-85
-6.08,-13.882,4.164e-86,2.469e-85
-6.07,-13.872,4.164e-86,2.474e-85
-6.06,-13.861999999999998,4.164e-86,2.478e-85
-6.05,-13.852,4.164e-86,2.482e-85
-6.04,-13.841999999999999,4.164e-86,2.486e-85
-6.03,-13.832,4.164e-86,2.49e-85
-6.02,-13.822,4.164e-86,2.494e-85
-6.01,-13.812,4.164e-86,2.498e-85
-6.0,-13.802,4.164e-86,2.503e-85
-5.99,-13.792,4.164e-86,2.507e-85
-5.98,-13.782,4.164e-86,2.511e-85
-5.97,-13.771999999999998,4.164e-86,2.515e-85
-5.96,-13.762,4.164e-86,2.519e-85
-5.95,-13.751999999999999,4.164e-86,2.523e-85
-5.94,-13.742,4.164e-86,2.528e-85
-5.93,-13.732,4.164e-86,2.532e-85
-5.92,-13.722,4.164e-86,2.536e-85
-5.91,-13.712,4.164e-86,2.54e-85
-5.9,-13.702,4.164e-86,2.544e-85
-5.89,-13.692,4.164e-86,2.548e-85
-5.88,-13.681999999999999,4.164e-86,2.553e-85
-5.87,-13.672,4.164e-86,2.557e-85
-5.86,-13.661999999999999,4.164e-86,2.561e-85
-5.85,-13.652,4.164e-86,2.565e-85
-5.84,-13.642,4.164e-86,2.569e-85
-5.83,-13.632,4.164e-86,2.573e-85
-5.82,-13.622,4.164e-86,2.578e-85
-5.81,-13.611999999999998,4.164e-86,2.582e-85
-5.8,-13.602,4.164e-86,2.586e-85
-5.79,-13.591999999999999,4.164e-86,2.59e-85
-5.78,-13.582,4.164e-86,2.594e-85
-5.77,-13.572,4.164e-86,2.598e-85
-5.76,-13.562,4.164e-86,2.603e-85
-5.75,-13.552,4.164e-86,2.607e-85
-5.74,-13.542,4.164e-86,2.611e-85
-5.73,-13.532,4.164e-86,2.615e-85
-5.72,-13.521999999999998,4.164e-86,2.619e-85
-5.71,-13.512,4.164e-86,2.623e-85
-5.7,-13.501999999999999,4.164e-86,2.628e-85
-5.69,-13.492,4.164e-86,2.632e-85
-5.68,-13.482,4.164e-86,2.636e-85
-5.67,-13.472,4.164e-86,2.64e-85
-5.66,-13.462,4.164e-86,2.644e-85
-5.65,-13.452,4.164e-86,2.648e-85
-5.64,-13.442,4.164e-86,2.653e-85
-5.63,-13.431999999999999,4.164e-86,2.657e-85
-5.62,-13.422,4.164e-86,2.661e-85
-5.61,-13.411999999999999,4.164e-86,2.665e-85
-5.6,-13.402,4.164e-86,2.669e-85
-5.59,-13.392,4.164e-86,2.673e-85
-5.58,-13.382,4.164e-86,2.678e-85
-5.57,-13.372,4.164e-86,2.682e-85
-5.56,-13.361999999999998,4.164e-86,2.686e-85
-5.55,-13.352,4.164e-86,2.69e-85
-5.54,-13.341999999999999,4.164e-86,2.694e-85
-5.53,-13.332,4.164e-86,2.698e-85
-5.52,-13.322,4.164e-86,2.703e-85
-5.51,-13.312,4.164e-86,2.707e-85
-5.5,-13.302,4.164e-86,2.711e-85
-5.49,-13.292,4.164e-86,2.715e-85
-5.48,-13.282,4.164e-86,2.719e-85
-5.47,-13.271999999999998,4.164e-86,2.723e-85
-5.46,-13.262,4.164e-86,2.728e-85
-5.45,-13.251999999999999,4.164e-86,2.732e-85
-5.44,-13.242,4.164e-86,2.736e-85
-5.43,-13.232,4.164e-86,2.74e-85
-5.42,-13.222,4.164e-86,2.744e-85
-5.41,-13.212,4.164e-86,2.748e-85
-5.4,-13.202,4.164e-86,2.753e-85
-5.39,-13.192,4.164e-86,2.757e-85
-5.38,-13.181999999999999,4.164e-86,2.761e-85
-5.37,-13.172,4.167e-86,2.765e-85
-5.36,-13.161999999999999,4.193e-86,2.769e-85
-5.35,-13.152,4.365e-86,2.774e-85
-5.34,-13.142,5.463e-86,2.779e-85
-5.33,-13.132,1.244e-85,2.791e-85
-5.32,-13.122,5.638e-85,2.848e-85
-5.31,-13.111999999999998,3.305e-84,3.178e-85
-5.3,-13.102,2.026e-83,5.205e-85
-5.29,-13.091999999999999,1.242e-82,1.762e-84
-5.28,-13.082,7.557e-82,9.319e-84
-5.27,-13.072,4.558e-81,5.49e-83
-5.26,-13.062,2.725e-80,3.274e-82
-5.25,-13.052,1.615e-79,1.943e-81
-5.24,-13.042,9.486e-79,1.143e-80
-5.23,-13.032,5.523e-78,6.665e-80
-5.22,-13.021999999999998,3.187e-77,3.853e-79
-5.21,-13.012,1.822e-76,2.208e-78
-5.2,-13.001999999999999,1.033e-75,1.254e-77
-5.19,-12.992,5.804e-75,7.058e-77
-5.18,-12.982,3.232e-74,3.938e-76
-5.17,-12.972,1.784e-73,2.177e-75
-5.16,-12.962,9.758e-73,1.194e-74
-5.15,-12.952,5.291e-72,6.484e-74
-5.14,-12.942,2.843e-71,3.492e-73
-5.13,-12.931999999999999,1.514e-70,1.864e-72
-5.12,-12.922,7.995e-70,9.859e-72
-5.11,-12.911999999999999,4.183e-69,5.169e-71
-5.1,-12.902,2.17e-68,2.687e-70
-5.09,-12.892,1.115e-67,1.384e-69
-5.08,-12.882,5.682e-67,7.066e-69
-5.07,-12.872,2.869e-66,3.576e-68
-5.06,-12.861999999999998,1.436e-65,1.794e-67
-5.05,-12.852,7.125e-65,8.919e-67
-5.04,-12.841999999999999,3.503e-64,4.395e-66
-5.03,-12.832,1.707e-63,2.147e-65
-5.02,-12.822,8.247e-63,1.039e-64
-5.01,-12.812,3.948e-62,4.987e-64
-5.0,-12.802,1.873e-61,2.372e-63
-4.99,-12.792,8.811e-61,1.118e-62
-4.98,-12.782,4.107e-60,5.226e-62
-4.97,-12.771999999999998,1.898e-59,2.42e-61
-4.96,-12.762,8.691e-59,1.111e-60
-4.95,-12.751999999999999,3.945e-58,5.056e-60
-4.94,-12.742,1.775e-57,2.28e-59
-4.93,-12.732,7.913e-57,1.019e-58
-4.92,-12.722,3.497e-56,4.516e-58
-4.91,-12.712,1.532e-55,1.983e-57
-4.9,-12.702,6.65e-55,8.634e-57
-4.89,-12.692,2.862e-54,3.725e-56
-4.88,-12.681999999999999,1.221e-53,1.593e-55
-4.87,-12.672,5.16e-53,6.753e-55
-4.86,-12.661999999999999,2.162e-52,2.837e-54
-4.85,-12.652,8.978e-52,1.182e-53
-4.84,-12.642,3.696e-51,4.877e-53
-4.83,-12.632,1.508e-50,1.995e-52
-4.82,-12.622,6.096e-50,8.092e-52
-4.81,-12.611999999999998,2.443e-49,3.252e-51
-4.8,-12.602,9.706e-49,1.296e-50
-4.79,-12.591999999999999,3.821e-48,5.117e-50
-4.78,-12.582,1.491e-47,2.003e-49
-4.77,-12.572,5.768e-47,7.771e-49
-4.76,-12.562,2.211e-46,2.988e-48
-4.75,-12.552,8.401e-46,1.139e-47
-4.74,-12.542,3.164e-45,4.303e-47
-4.73,-12.532,1.181e-44,1.611e-46
-4.72,-12.521999999999998,4.369e-44,5.981e-46
-4.71,-12.512,1.602e-43,2.2e-45
-4.7,-12.501999999999999,5.823e-43,8.023e-45
-4.69,-12.492,2.098e-42,2.9e-44
-4.68,-12.482,7.49e-42,1.039e-43
-4.67,-12.472,2.65e-41,3.689e-43
-4.66,-12.462,9.296e-41,1.299e-42
-4.65,-12.452,3.232e-40,4.53e-42
-4.64,-12.442,1.114e-39,1.567e-41
-4.63,-12.431999999999999,3.803e-39,5.37e-41
-4.62,-12.422,1.287e-38,1.824e-40
-4.61,-12.411999999999999,4.319e-38,6.144e-40
-4.6,-12.402,1.436e-37,2.051e-39
-4.59,-12.392,4.734e-37,6.785e-39
-4.58,-12.382,1.546e-36,2.225e-38
-4.57,-12.372,5.007e-36,7.232e-38
-4.56,-12.361999999999998,1.607e-35,2.33e-37
-4.55,-12.352,5.111e-35,7.441e-37
-4.54,-12.341999999999999,1.611e-34,2.356e-36
-4.53,-12.332,5.035e-34,7.391e-36
-4.52,-12.322,1.559e-33,2.299e-35
-4.51,-12.312,4.787e-33,7.086e-35
-4.5,-12.302,1.456e-32,2.165e-34
-4.49,-12.292,4.392e-32,6.557e-34
-4.48,-12.282,1.313e-31,1.968e-33
-4.47,-12.271999999999998,3.889e-31,5.857e-33
-4.46,-12.262,1.142e-30,1.728e-32
-4.45,-12.251999999999999,3.323e-30,5.051e-32
-4.44,-12.242,9.586e-30,1.464e-31
-4.43,-12.232,2.741e-29,4.204e-31
-4.42,-12.222,7.766e-29,1.197e-30
-4.41,-12.212,2.181e-28,3.378e-30
-4.4,-12.202,6.072e-28,9.45e-30
-4.39,-12.192,1.675e-27,2.62e-29
-4.38,-12.181999999999999,4.581e-27,7.202e-29
-4.37,-12.172,1.242e-26,1.962e-28
-4.36,-12.161999999999999,3.336e-26,5.298e-28
-4.35,-12.152,8.883e-26,1.418e-27
-4.34,-12.142,2.344e-25,3.762e-27
-4.33,-12.132,6.132e-25,9.895e-27
-4.32,-12.122,1.59e-24,2.579e-26
-4.31,-12.111999999999998,4.086e-24,6.665e-26
-4.3,-12.102,1.041e-23,1.707e-25
-4.29,-12.091999999999999,2.627e-23,4.334e-25
-4.28,-12.082,6.573e-23,1.091e-24
-4.27,-12.072,1.63e-22,2.721e-24
-4.26,-12.062,4.007e-22,6.727e-24
-4.25,-12.052,9.761e-22,1.649e-23
-4.24,-12.042,2.357e-21,4.006e-23
-4.23,-12.032,5.641e-21,9.647e-23
-4.22,-12.021999999999998,1.338e-20,2.303e-22
-4.21,-12.012,3.146e-20,5.449e-22
-4.2,-12.001999999999999,7.332e-20,1.278e-21
-4.19,-11.992,1.693e-19,2.972e-21
-4.18,-11.982,3.877e-19,6.849e-21
-4.17,-11.972,8.797e-19,1.565e-20
-4.16,-11.962,1.978e-18,3.543e-20
-4.15,-11.952,4.41e-18,7.953e-20
-4.14,-11.942,9.743e-18,1.77e-19
-4.13,-11.931999999999999,2.133e-17,3.903e-19
-4.12,-11.922,4.63e-17,8.533e-19
-4.11,-11.911999999999999,9.961e-17,1.849e-18
-4.1,-11.902,2.124e-16,3.973e-18
-4.09,-11.892,4.488e-16,8.461e-18
-4.08,-11.882,9.401e-16,1.786e-17
-4.07,-11.872,1.952e-15,3.738e-17
-4.06,-11.861999999999998,4.016e-15,7.754e-17
-4.05,-11.852,8.19e-15,1.594e-16
-4.04,-11.841999999999999,1.656e-14,3.25e-16
-4.03,-11.832,3.317e-14,6.567e-16
-4.02,-11.822,6.587e-14,1.315e-15
-4.01,-11.812,1.296e-13,2.612e-15
-4.0,-11.802,2.529e-13,5.141e-15
-3.99,-11.792,4.89e-13,1.003e-14
-3.98,-11.782,9.372e-13,1.94e-14
-3.97,-11.772,1.78e-12,3.72e-14
-3.96,-11.762,3.351e-12,7.072e-14
-3.95,-11.751999999999999,6.254e-12,1.333e-13
-3.94,-11.741999999999999,1.157e-11,2.489e-13
-3.93,-11.732,2.12e-11,4.609e-13
-3.92,-11.722,3.852e-11,8.462e-13
-3.91,-11.712,6.937e-11,1.54e-12
-3.9,-11.702,1.238e-10,2.778e-12
-3.89,-11.692,2.19e-10,4.969e-12
-3.88,-11.681999999999999,3.841e-10,8.809e-12
-3.87,-11.672,6.675e-10,1.548e-11
-3.86,-11.661999999999999,1.15e-09,2.698e-11
-3.85,-11.652,1.963e-09,4.661e-11
-3.84,-11.642,3.322e-09,7.983e-11
-3.83,-11.632,5.571e-09,1.355e-10
-3.82,-11.622,9.262e-09,2.282e-10
-3.81,-11.612,1.526e-08,3.808e-10
-3.8,-11.602,2.492e-08,6.3e-10
-3.79,-11.591999999999999,4.034e-08,1.033e-09
-3.78,-11.581999999999999,6.471e-08,1.681e-09
-3.77,-11.572,1.029e-07,2.71e-09
-3.76,-11.562,1.622e-07,4.331e-09
-3.75,-11.552,2.533e-07,6.865e-09
-3.74,-11.542,3.922e-07,1.079e-08
-3.73,-11.532,6.019e-07,1.681e-08
-3.72,-11.522,9.155e-07,2.596e-08
-3.71,-11.512,1.38e-06,3.976e-08
-3.7,-11.501999999999999,2.062e-06,6.038e-08
-3.69,-11.491999999999999,3.054e-06,9.092e-08
-3.68,-11.482,4.483e-06,1.357e-07
-3.67,-11.472,6.522e-06,2.01e-07
-3.66,-11.462,9.404e-06,2.95e-07
-3.65,-11.452,1.344e-05,4.294e-07
-3.64,-11.442,1.904e-05,6.198e-07
-3.63,-11.431999999999999,2.673e-05,8.871e-07
-3.62,-11.422,3.72e-05,1.259e-06
-3.61,-11.411999999999999,5.131e-05,1.772e-06
-3.6,-11.402,7.015e-05,2.474e-06
-3.59,-11.392,9.505e-05,3.424e-06
-3.58,-11.382,0.0001277,4.701e-06
-3.57,-11.372,0.0001699,6.4e-06
-3.56,-11.362,0.0002242,8.642e-06
-3.55,-11.352,0.0002932,1.157e-05
-3.54,-11.341999999999999,0.0003799,1.537e-05
-3.53,-11.331999999999999,0.0004881,2.025e-05
-3.52,-11.322,0.0006215,2.647e-05
-3.51,-11.312,0.0007843,3.431e-05
-3.5,-11.302,0.000981,4.412e-05
-3.49,-11.292,0.001216,5.628e-05
-3.48,-11.282,0.001494,7.123e-05
-3.47,-11.272,0.00182,8.943e-05
-3.46,-11.262,0.002197,0.0001114
-3.45,-11.251999999999999,0.002629,0.0001377
-3.44,-11.241999999999999,0.003117,0.0001689
-3.43,-11.232,0.003664,0.0002055
-3.42,-11.222,0.004268,0.0002482
-3.41,-11.212,0.004928,0.0002975
-3.4,-11.202,0.00564,0.0003539
-3.39,-11.192,0.006398,0.0004178
-3.38,-11.181999999999999,0.007193,0.0004898
-3.37,-11.172,0.008015,0.0005699
-3.36,-11.161999999999999,0.008852,0.0006584
-3.35,-11.152,0.009691,0.0007554
-3.34,-11.142,0.01051,0.0008605
-3.33,-11.132,0.01131,0.0009736
-3.32,-11.122,0.01205,0.001094
-3.31,-11.112,0.01274,0.001221
-3.3,-11.102,0.01334,0.001355
-3.29,-11.091999999999999,0.01385,0.001493
-3.28,-11.081999999999999,0.01425,0.001636
-3.27,-11.072,0.01453,0.001781
-3.26,-11.062,0.01469,0.001928
-3.25,-11.052,0.01473,0.002075
-3.24,-11.042,0.01465,0.002222
-3.23,-11.032,0.01444,0.002366
-3.22,-11.022,0.01413,0.002508
-3.21,-11.012,0.01372,0.002645
-3.2,-11.001999999999999,0.01323,0.002777
-3.19,-10.991999999999999,0.01268,0.002904
-3.18,-10.982,0.0121,0.003025
-3.17,-10.972,0.0115,0.00314
-3.16,-10.962,0.01093,0.003249
-3.15,-10.952,0.01042,0.003353
-3.14,-10.942,0.009988,0.003453
-3.13,-10.931999999999999,0.009683,0.00355
-3.12,-10.922,0.009538,0.003645
-3.11,-10.911999999999999,0.009594,0.003741
-3.1,-10.902,0.00989,0.00384
-3.09,-10.892,0.01047,0.003945
-3.08,-10.882,0.01137,0.004059
-3.07,-10.872,0.01264,0.004185
-3.06,-10.862,0.01432,0.004328
-3.05,-10.852,0.01645,0.004493
-3.04,-10.841999999999999,0.01906,0.004683
-3.03,-10.831999999999999,0.02218,0.004905
-3.02,-10.822,0.02585,0.005164
-3.01,-10.812,0.03009,0.005465
-3.0,-10.802,0.03489,0.005813
-2.99,-10.792,0.04026,0.006216
-2.98,-10.782,0.04619,0.006678
-2.97,-10.772,0.05264,0.007204
-2.96,-10.762,0.05959,0.0078
-2.95,-10.751999999999999,0.06695,0.00847
-2.94,-10.741999999999999,0.07468,0.009217
-2.93,-10.732,0.08268,0.01004
-2.92,-10.722,0.09086,0.01095
-2.91,-10.712,0.09911,0.01194
-2.9,-10.702,0.1073,0.01302
-2.89,-10.692,0.1154,0.01417
-2.88,-10.681999999999999,0.1232,0.0154
-2.87,-10.672,0.1306,0.01671
-2.86,-10.661999999999999,0.1375,0.01808
-2.85,-10.652,0.1438,0.01952
-2.84,-10.642,0.1495,0.02102
-2.83,-10.632,0.1544,0.02256
-2.82,-10.622,0.1585,0.02414
-2.81,-10.612,0.1618,0.02576
-2.8,-10.602,0.1642,0.0274
-2.79,-10.591999999999999,0.1657,0.02906
-2.78,-10.581999999999999,0.1664,0.03073
-2.77,-10.572,0.1662,0.03239
-2.76,-10.562,0.1651,0.03404
-2.75,-10.552,0.1632,0.03567
-2.74,-10.542,0.1605,0.03728
-2.73,-10.532,0.1571,0.03885
-2.72,-10.522,0.153,0.04038
-2.71,-10.512,0.1482,0.04186
-2.7,-10.501999999999999,0.1429,0.04329
-2.69,-10.491999999999999,0.137,0.04466
-2.68,-10.482,0.1307,0.04596
-2.67,-10.472,0.124,0.0472
-2.66,-10.462,0.117,0.04837
-2.65,-10.452,0.1097,0.04947
-2.64,-10.442,0.1023,0.05049
-2.63,-10.431999999999999,0.09482,0.05144
-2.62,-10.422,0.08732,0.05231
-2.61,-10.411999999999999,0.0799,0.05311
-2.6,-10.402,0.07262,0.05384
-2.59,-10.392,0.06555,0.0545
-2.58,-10.382,0.05876,0.05508
-2.57,-10.372,0.0523,0.05561
-2.56,-10.362,0.04622,0.05607
-2.55,-10.352,0.04055,0.05647
-2.54,-10.341999999999999,0.03532,0.05683
-2.53,-10.331999999999999,0.03054,0.05713
-2.52,-10.322,0.02624,0.05739
-2.51,-10.312,0.02241,0.05762
-2.5,-10.302,0.01904,0.05781
-2.49,-10.292,0.01613,0.05797
-2.48,-10.282,0.01367,0.05811
-2.47,-10.272,0.01164,0.05822
-2.46,-10.262,0.01002,0.05832
-2.45,-10.251999999999999,0.008818,0.05841
-2.44,-10.241999999999999,0.008014,0.05849
-2.43,-10.232,0.007608,0.05857
-2.42,-10.222,0.007606,0.05864
-2.41,-10.212,0.008018,0.05872
-2.4,-10.202,0.008862,0.05881
-2.39,-10.192,0.01016,0.05891
-2.38,-10.181999999999999,0.01195,0.05903
-2.37,-10.172,0.01426,0.05918
-2.36,-10.161999999999999,0.01713,0.05935
-2.35,-10.152,0.02061,0.05955
-2.34,-10.142,0.02472,0.0598
-2.33,-10.132,0.02951,0.0601
-2.32,-10.122,0.035,0.06045
-2.31,-10.112,0.0412,0.06086
-2.3,-10.102,0.04812,0.06134
-2.29,-10.091999999999999,0.05572,0.0619
-2.28,-10.081999999999999,0.06398,0.06254
-2.27,-10.072,0.07283,0.06327
-2.26,-10.062,0.08218,0.06409
-2.25,-10.052,0.09192,0.06501
-2.24,-10.042,0.1019,0.06603
-2.23,-10.032,0.112,0.06714
-2.22,-10.022,0.122,0.06836
-2.21,-10.012,0.1317,0.06968
-2.2,-10.001999999999999,0.1409,0.07109
-2.19,-9.991999999999999,0.1494,0.07258
-2.18,-9.982,0.157,0.07415
-2.17,-9.972,0.1636,0.07579
-2.16,-9.962,0.1689,0.07748
-2.15,-9.952,0.1729,0.07921
-2.14,-9.942,0.1754,0.08096
-2.13,-9.931999999999999,0.1764,0.08273
-2.12,-9.922,0.1759,0.08449
-2.11,-9.911999999999999,0.1738,0.08622
-2.1,-9.902,0.1703,0.08793
-2.09,-9.892,0.1654,0.08958
-2.08,-9.882,0.1593,0.09117
-2.07,-9.872,0.1522,0.0927
-2.06,-9.862,0.1443,0.09414
-2.05,-9.852,0.1357,0.0955
-2.04,-9.841999999999999,0.1268,0.09676
-2.03,-9.831999999999999,0.1178,0.09794
-2.02,-9.822,0.1089,0.09903
-2.01,-9.812,0.1004,0.1
-2.0,-9.802,0.09257,0.101
-1.99,-9.792,0.08553,0.1018
-1.98,-9.782,0.07954,0.1026
-1.97,-9.772,0.07479,0.1034
-1.96,-9.762,0.07147,0.1041
-1.95,-9.751999999999999,0.06972,0.1048
-1.94,-9.741999999999999,0.06967,0.1055
-1.93,-9.732,0.07145,0.1062
-1.92,-9.722,0.07515,0.1069
-1.91,-9.712,0.08081,0.1077
-1.9,-9.702,0.0885,0.1086
-1.89,-9.692,0.0982,0.1096
-1.88,-9.681999999999999,0.1099,0.1107
-1.87,-9.672,0.1235,0.1119
-1.86,-9.661999999999999,0.1389,0.1133
-1.85,-9.652,0.156,0.1149
-1.84,-9.642,0.1745,0.1166
-1.83,-9.632,0.1943,0.1186
-1.82,-9.622,0.215,0.1207
-1.81,-9.612,0.2363,0.1231
-1.8,-9.602,0.2579,0.1257
-1.79,-9.591999999999999,0.2793,0.1285
-1.78,-9.581999999999999,0.3003,0.1315
-1.77,-9.572,0.3203,0.1347
-1.76,-9.562,0.3391,0.1381
-1.75,-9.552,0.3561,0.1416
-1.74,-9.542,0.3712,0.1453
-1.73,-9.532,0.384,0.1492
-1.72,-9.522,0.3943,0.1531
-1.71,-9.512,0.4019,0.1571
-1.7,-9.501999999999999,0.4068,0.1612
-1.69,-9.491999999999999,0.4087,0.1653
-1.68,-9.482,0.4079,0.1694
-1.67,-9.472,0.4043,0.1734
-1.66,-9.462,0.3982,0.1774
-1.65,-9.452,0.3896,0.1813
-1.64,-9.442,0.3789,0.1851
-1.63,-9.431999999999999,0.3663,0.1887
-1.62,-9.422,0.352,0.1923
-1.61,-9.411999999999999,0.3364,0.1956
-1.6,-9.402,0.3197,0.1988
-1.59,-9.392,0.3022,0.2019
-1.58,-9.382,0.2842,0.2047
-1.57,-9.372,0.2658,0.2074
-1.56,-9.362,0.2474,0.2098
-1.55,-9.352,0.2291,0.2121
-1.54,-9.341999999999999,0.2111,0.2142
-1.53,-9.331999999999999,0.1935,0.2162
-1.52,-9.322,0.1765,0.2179
-1.51,-9.312,0.1601,0.2195
-1.5,-9.302,0.1445,0.221
-1.49,-9.292,0.1297,0.2223
-1.48,-9.282,0.1158,0.2234
-1.47,-9.272,0.1028,0.2245
-1.46,-9.262,0.0907,0.2254
-1.45,-9.251999999999999,0.07956,0.2262
-1.44,-9.241999999999999,0.06936,0.2269
-1.43,-9.232,0.06008,0.2275
-1.42,-9.222,0.05171,0.228
-1.41,-9.212,0.04422,0.2284
-1.4,-9.202,0.03757,0.2288
-1.39,-9.192,0.03172,0.2291
-1.38,-9.181999999999999,0.02663,0.2294
-1.37,-9.172,0.02223,0.2296
-1.36,-9.161999999999999,0.01849,0.2298
-1.35,-9.152,0.01535,0.2299
-1.34,-9.142,0.01276,0.2301
-1.33,-9.132,0.01068,0.2302
-1.32,-9.122,0.009062,0.2303
-1.31,-9.112,0.007878,0.2303
-1.3,-9.102,0.007095,0.2304
-1.29,-9.091999999999999,0.006691,0.2305
-1.28,-9.081999999999999,0.006648,0.2305
-1.27,-9.072,0.006958,0.2306
-1.26,-9.062,0.007615,0.2307
-1.25,-9.052,0.008621,0.2308
-1.24,-9.042,0.00998,0.2309
-1.23,-9.032,0.0117,0.231
-1.22,-9.022,0.01379,0.2311
-1.21,-9.012,0.01625,0.2313
-1.2,-9.001999999999999,0.01909,0.2315
-1.19,-8.991999999999999,0.02231,0.2317
-1.18,-8.982,0.02589,0.232
-1.17,-8.972,0.02982,0.2323
-1.16,-8.962,0.03407,0.2326
-1.15,-8.952,0.03861,0.233
-1.14,-8.942,0.04337,0.2334
-1.13,-8.931999999999999,0.0483,0.2339
-1.12,-8.922,0.05332,0.2344
-1.11,-8.911999999999999,0.05834,0.235
-1.1,-8.902,0.06327,0.2357
-1.09,-8.892,0.06802,0.2363
-1.08,-8.882,0.07248,0.2371
-1.07,-8.872,0.07655,0.2378
-1.06,-8.862,0.08014,0.2386
-1.05,-8.852,0.08315,0.2395
-1.04,-8.841999999999999,0.08552,0.2403
-1.03,-8.831999999999999,0.08719,0.2412
-1.02,-8.822,0.08812,0.2421
-1.01,-8.812,0.08829,0.243
-1.0,-8.802,0.0877,0.2438
-0.99,-8.792,0.08637,0.2447
-0.98,-8.782,0.08437,0.2455
-0.97,-8.772,0.08175,0.2464
-0.96,-8.762,0.07862,0.2471
-0.95,-8.751999999999999,0.07506,0.2479
-0.94,-8.741999999999999,0.07122,0.2486
-0.93,-8.732,0.06722,0.2493
-0.92,-8.722,0.06321,0.2499
-0.91,-8.712,0.05934,0.2505
-0.9,-8.702,0.05576,0.2511
-0.89,-8.692,0.05265,0.2516
-0.88,-8.682,0.05015,0.2521
-0.87,-8.671999999999999,0.04842,0.2526
-0.86,-8.661999999999999,0.04763,0.253
-0.85,-8.652,0.04792,0.2535
-0.84,-8.642,0.04944,0.254
-0.83,-8.632,0.05234,0.2545
-0.82,-8.622,0.05674,0.2551
-0.81,-8.612,0.06276,0.2557
-0.8,-8.602,0.07052,0.2564
-0.79,-8.591999999999999,0.08009,0.2572
-0.78,-8.581999999999999,0.09156,0.2582
-0.77,-8.572,0.1049,0.2592
-0.76,-8.562,0.1203,0.2604
-0.75,-8.552,0.1375,0.2618
-0.74,-8.542,0.1566,0.2634
-0.73,-8.532,0.1774,0.2651
-0.72,-8.522,0.1999,0.2671
-0.71,-8.512,0.2237,0.2694
-0.7,-8.501999999999999,0.2488,0.2718
-0.69,-8.491999999999999,0.2747,0.2746
-0.68,-8.482,0.3014,0.2776
-0.67,-8.472,0.3283,0.2809
-0.66,-8.462,0.3553,0.2844
-0.65,-8.452,0.3819,0.2883
-0.64,-8.442,0.4079,0.2923
-0.63,-8.432,0.4329,0.2967
-0.62,-8.421999999999999,0.4565,0.3012
-0.61,-8.411999999999999,0.4785,0.306
-0.6,-8.402,0.4986,0.311
-0.59,-8.392,0.5166,0.3162
-0.58,-8.382,0.5322,0.3215
-0.57,-8.372,0.5453,0.327
-0.56,-8.362,0.5558,0.3325
-0.55,-8.352,0.5635,0.3381
-0.54,-8.341999999999999,0.5683,0.3438
-0.53,-8.331999999999999,0.5703,0.3495
-0.52,-8.322,0.5693,0.3552
-0.51,-8.312,0.5654,0.3609
-0.5,-8.302,0.5587,0.3665
-0.49,-8.292,0.5492,0.372
-0.48,-8.282,0.537,0.3773
-0.47,-8.272,0.5222,0.3825
-0.46,-8.262,0.505,0.3876
-0.45,-8.251999999999999,0.4856,0.3925
-0.44,-8.241999999999999,0.4641,0.3971
-0.43,-8.232,0.441,0.4015
-0.42,-8.222,0.4164,0.4057
-0.41,-8.212,0.3907,0.4096
-0.4,-8.202,0.3642,0.4132
-0.39,-8.192,0.3372,0.4166
-0.38,-8.182,0.3101,0.4197
-0.37,-8.171999999999999,0.2831,0.4225
-0.36,-8.161999999999999,0.2566,0.4251
-0.35,-8.152,0.2309,0.4274
-0.34,-8.142,0.2062,0.4295
-0.33,-8.132,0.1828,0.4313
-0.32,-8.122,0.1608,0.4329
-0.31,-8.112,0.1404,0.4343
-0.3,-8.102,0.1217,0.4355
-0.29,-8.091999999999999,0.1047,0.4366
-0.28,-8.081999999999999,0.0894,0.4375
-0.27,-8.072,0.0759,0.4382
-0.26,-8.062,0.06411,0.4389
-0.25,-8.052,0.05398,0.4394
-0.24,-8.042,0.04545,0.4399
-0.23,-8.032,0.03844,0.4402
-0.22,-8.022,0.03288,0.4406
-0.21,-8.012,0.02871,0.4409
-0.2,-8.001999999999999,0.02586,0.4411
-0.19,-7.992,0.02429,0.4414
-0.18,-7.981999999999999,0.02397,0.4416
-0.17,-7.9719999999999995,0.0249,0.4418
-0.16,-7.962,0.02707,0.4421
-0.15,-7.952,0.03052,0.4424
-0.14,-7.941999999999999,0.03528,0.4428
-0.13,-7.9319999999999995,0.04138,0.4432
-0.12,-7.922,0.04888,0.4437
-0.11,-7.912,0.05782,0.4443
-0.1,-7.901999999999999,0.06823,0.4449
-0.09,-7.8919999999999995,0.08013,0.4457
-0.08,-7.882,0.09351,0.4467
-0.07,-7.872,0.1083,0.4478
-0.06,-7.861999999999999,0.1245,0.449
-0.05,-7.851999999999999,0.1419,0.4504
-0.04,-7.842,0.1604,0.452
-0.03,-7.832,0.1797,0.4538
-0.02,-7.821999999999999,0.1995,0.4558
-0.01,-7.811999999999999,0.2196,0.458
-0.0,-7.802,0.2397,0.4604
0.01,-7.792,0.2592,0.463
0.02,-7.782,0.2779,0.4658
0.03,-7.771999999999999,0.2952,0.4687
0.04,-7.762,0.3109,0.4718
0.05,-7.752,0.3246,0.4751
0.06,-7.742,0.3358,0.4784
0.07,-7.731999999999999,0.3444,0.4819
0.08,-7.7219999999999995,0.35,0.4854
0.09,-7.712,0.3527,0.4889
0.1,-7.702,0.3522,0.4924
0.11,-7.691999999999999,0.3487,0.4959
0.12,-7.6819999999999995,0.3422,0.4993
0.13,-7.672,0.3329,0.5027
0.14,-7.662,0.3212,0.5059
0.15,-7.651999999999999,0.3073,0.509
0.16,-7.6419999999999995,0.2916,0.5119
0.17,-7.632,0.2745,0.5146
0.18,-7.622,0.2566,0.5172
0.19,-7.611999999999999,0.2382,0.5196
0.2,-7.601999999999999,0.2199,0.5218
0.21,-7.592,0.2021,0.5238
0.22,-7.582,0.1853,0.5256
0.23,-7.571999999999999,0.1697,0.5273
0.24,-7.561999999999999,0.156,0.5289
0.25,-7.552,0.1442,0.5303
0.26,-7.542,0.1349,0.5317
0.27,-7.532,0.1281,0.533
0.28,-7.521999999999999,0.1241,0.5342
0.29,-7.512,0.123,0.5354
0.3,-7.502,0.125,0.5367
0.31,-7.492,0.13,0.538
0.32,-7.481999999999999,0.1381,0.5394
0.33,-7.4719999999999995,0.1492,0.5409
0.34,-7.462,0.1632,0.5425
0.35,-7.452,0.1798,0.5443
0.36,-7.441999999999999,0.1989,0.5463
0.37,-7.4319999999999995,0.2202,0.5485
0.38,-7.422,0.2432,0.5509
0.39,-7.412,0.2675,0.5536
0.4,-7.401999999999999,0.2927,0.5565
0.41,-7.3919999999999995,0.3181,0.5597
0.42,-7.382,0.3434,0.5631
0.43,-7.372,0.3678,0.5668
0.44,-7.361999999999999,0.3907,0.5707
0.45,-7.351999999999999,0.4117,0.5748
0.46,-7.342,0.4301,0.5791
0.47,-7.332,0.4455,0.5836
0.48,-7.321999999999999,0.4574,0.5882
0.49,-7.311999999999999,0.4656,0.5928
0.5,-7.302,0.4698,0.5975
0.51,-7.292,0.4698,0.6022
0.52,-7.282,0.4657,0.6069
0.53,-7.271999999999999,0.4576,0.6115
0.54,-7.262,0.4457,0.6159
0.55,-7.252,0.4302,0.6202
0.56,-7.241999999999999,0.4116,0.6243
0.57,-7.231999999999999,0.3903,0.6282
0.58,-7.2219999999999995,0.3668,0.6319
0.59,-7.212,0.3417,0.6353
0.6,-7.202,0.3155,0.6385
0.61,-7.191999999999999,0.2888,0.6414
0.62,-7.1819999999999995,0.2619,0.644
0.63,-7.172,0.2355,0.6463
0.64,-7.162,0.2099,0.6484
0.65,-7.151999999999999,0.1853,0.6503
0.66,-7.1419999999999995,0.1623,0.6519
0.67,-7.132,0.1408,0.6533
0.68,-7.122,0.1211,0.6545
0.69,-7.112,0.1032,0.6556
0.7,-7.101999999999999,0.08718,0.6564
0.71,-7.092,0.073,0.6572
0.72,-7.082,0.06059,0.6578
0.73,-7.071999999999999,0.04985,0.6583
0.74,-7.061999999999999,0.04065,0.6587
0.75,-7.052,0.03286,0.659
0.76,-7.042,0.02634,0.6593
0.77,-7.032,0.02094,0.6595
0.78,-7.021999999999999,0.01652,0.6596
0.79,-7.012,0.01295,0.6598
0.8,-7.002,0.0101,0.6599
0.81,-6.991999999999999,0.007861,0.6599
0.82,-6.981999999999999,0.006144,0.66
0.83,-6.9719999999999995,0.004867,0.6601
0.84,-6.962,0.003964,0.6601
0.85,-6.952,0.003384,0.6601
0.86,-6.941999999999999,0.003091,0.6602
0.87,-6.9319999999999995,0.003062,0.6602
0.88,-6.922,0.003286,0.6602
0.89,-6.912,0.003766,0.6603
0.9,-6.901999999999999,0.004512,0.6603
0.91,-6.8919999999999995,0.005548,0.6604
0.92,-6.882,0.006904,0.6604
0.93,-6.872,0.008618,0.6605
0.94,-6.862,0.01073,0.6606
0.95,-6.851999999999999,0.0133,0.6608
0.96,-6.842,0.01637,0.6609
0.97,-6.832,0.02,0.6611
0.98,-6.821999999999999,0.02422,0.6614
0.99,-6.811999999999999,0.02908,0.6617
1.0,-6.802,0.03462,0.662
1.01,-6.792,0.04086,0.6624
1.02,-6.782,0.04779,0.6629
1.03,-6.771999999999999,0.05541,0.6634
1.04,-6.762,0.06367,0.6641
1.05,-6.752,0.07252,0.6648
1.06,-6.741999999999999,0.08186,0.6656
1.07,-6.731999999999999,0.0916,0.6665
1.08,-6.7219999999999995,0.1016,0.6676
1.09,-6.712,0.1117,0.6687
1.1,-6.702,0.1217,0.6699
1.11,-6.691999999999999,0.1314,0.6712
1.12,-6.6819999999999995,0.1406,0.6726
1.13,-6.672,0.1492,0.6741
1.14,-6.662,0.1568,0.6757
1.15,-6.651999999999999,0.1635,0.6773
1.16,-6.6419999999999995,0.1689,0.679
1.17,-6.632,0.173,0.6807
1.18,-6.622,0.1756,0.6825
1.19,-6.612,0.1767,0.6842
1.2,-6.601999999999999,0.1763,0.686
1.21,-6.592,0.1744,0.6878
1.22,-6.582,0.1712,0.6895
1.23,-6.571999999999999,0.1666,0.6911
1.24,-6.561999999999999,0.161,0.6927
1.25,-6.552,0.1544,0.6943
1.26,-6.542,0.1472,0.6958
1.27,-6.532,0.1396,0.6971
1.28,-6.521999999999999,0.1319,0.6985
1.29,-6.512,0.1243,0.6997
1.3,-6.502,0.1174,0.7009
1.31,-6.491999999999999,0.1113,0.702
1.32,-6.481999999999999,0.1063,0.7031
1.33,-6.4719999999999995,0.103,0.7041
1.34,-6.462,0.1014,0.7051
1.35,-6.452,0.102,0.7061
1.36,-6.441999999999999,0.1051,0.7072
1.37,-6.4319999999999995,0.111,0.7083
1.38,-6.422,0.1199,0.7095
1.39,-6.412,0.132,0.7108
1.4,-6.401999999999999,0.1475,0.7123
1.41,-6.3919999999999995,0.1667,0.7139
1.42,-6.382,0.1895,0.7158
1.43,-6.372,0.216,0.718
1.44,-6.362,0.2462,0.7205
1.45,-6.351999999999999,0.28,0.7233
1.46,-6.342,0.3171,0.7264
1.47,-6.332,0.3572,0.73
1.48,-6.321999999999999,0.4,0.734
1.49,-6.311999999999999,0.445,0.7385
1.5,-6.302,0.4916,0.7434
1.51,-6.292,0.5393,0.7488
1.52,-6.282,0.5873,0.7546
1.53,-6.271999999999999,0.6349,0.761
1.54,-6.262,0.6814,0.7678
1.55,-6.252,0.7261,0.7751
1.56,-6.241999999999999,0.7682,0.7827
1.57,-6.231999999999999,0.807,0.7908
1.58,-6.2219999999999995,0.8421,0.7992
1.59,-6.212,0.8728,0.808
1.6,-6.202,0.8986,0.817
1.61,-6.191999999999999,0.9194,0.8261
1.62,-6.1819999999999995,0.9348,0.8355
1.63,-6.172,0.9446,0.8449
1.64,-6.162,0.949,0.8544
1.65,-6.151999999999999,0.9479,0.8639
1.66,-6.1419999999999995,0.9415,0.8733
1.67,-6.132,0.93,0.8826
1.68,-6.122,0.9137,0.8918
1.69,-6.112,0.8929,0.9007
1.7,-6.101999999999999,0.868,0.9094
1.71,-6.092,0.8394,0.9178
1.72,-6.082,0.8075,0.9258
1.73,-6.071999999999999,0.7727,0.9336
1.74,-6.061999999999999,0.7355,0.9409
1.75,-6.052,0.6964,0.9479
1.76,-6.042,0.6558,0.9544
1.77,-6.032,0.6141,0.9606
1.78,-6.021999999999999,0.5718,0.9663
1.79,-6.012,0.5293,0.9716
1.8,-6.002,0.487,0.9765
1.81,-5.991999999999999,0.4454,0.9809
1.82,-5.981999999999999,0.4047,0.985
1.83,-5.9719999999999995,0.3654,0.9886
1.84,-5.962,0.3277,0.9919
1.85,-5.952,0.2919,0.9948
1.86,-5.941999999999999,0.2582,0.9974
1.87,-5.9319999999999995,0.2268,0.9997
1.88,-5.922,0.1979,1.002
1.89,-5.912,0.1714,1.003
1.9,-5.901999999999999,0.1475,1.005
1.91,-5.8919999999999995,0.126,1.006
1.92,-5.882,0.1071,1.007
1.93,-5.872,0.09051,1.008
1.94,-5.862,0.07626,1.009
1.95,-5.851999999999999,0.06421,1.009
1.96,-5.842,0.05425,1.01
1.97,-5.832,0.04625,1.01
1.98,-5.821999999999999,0.04012,1.011
1.99,-5.811999999999999,0.03576,1.011
2.0,-5.802,0.03308,1.012
2.01,-5.792,0.03202,1.012
2.02,-5.782,0.03254,1.012
2.03,-5.772,0.03461,1.013
2.04,-5.762,0.03822,1.013
2.05,-5.752,0.04339,1.013
2.06,-5.741999999999999,0.05011,1.014
2.07,-5.731999999999999,0.0584,1.014
2.08,-5.7219999999999995,0.06828,1.015
2.09,-5.712,0.07973,1.016
2.1,-5.702,0.09274,1.017
2.11,-5.692,0.1072,1.018
2.12,-5.6819999999999995,0.1232,1.019
2.13,-5.672,0.1403,1.021
2.14,-5.661999999999999,0.1586,1.022
2.15,-5.651999999999999,0.1778,1.024
2.16,-5.6419999999999995,0.1976,1.026
2.17,-5.632,0.2177,1.028
2.18,-5.622,0.2377,1.03
2.19,-5.612,0.2573,1.033
2.2,-5.601999999999999,0.2761,1.036
2.21,-5.592,0.2936,1.039
2.22,-5.581999999999999,0.3095,1.042
2.23,-5.571999999999999,0.3233,1.045
2.24,-5.561999999999999,0.3348,1.048
2.25,-5.552,0.3436,1.052
2.26,-5.542,0.3496,1.055
2.27,-5.532,0.3525,1.059
2.28,-5.522,0.3523,1.062
2.29,-5.512,0.3491,1.066
2.3,-5.502,0.3428,1.069
2.31,-5.491999999999999,0.3338,1.073
2.32,-5.481999999999999,0.3222,1.076
2.33,-5.4719999999999995,0.3084,1.079
2.34,-5.462,0.2927,1.082
2.35,-5.452,0.2756,1.085
2.36,-5.442,0.2575,1.087
2.37,-5.4319999999999995,0.2388,1.09
2.38,-5.422,0.2201,1.092
2.39,-5.411999999999999,0.2017,1.094
2.4,-5.401999999999999,0.1841,1.096
2.41,-5.3919999999999995,0.1677,1.097
2.42,-5.382,0.1527,1.099
2.43,-5.372,0.1397,1.1
2.44,-5.362,0.1287,1.102
2.45,-5.351999999999999,0.1201,1.103
2.46,-5.342,0.1139,1.104
2.47,-5.331999999999999,0.1105,1.105
2.48,-5.321999999999999,0.1098,1.106
2.49,-5.311999999999999,0.1119,1.107
2.5,-5.302,0.1169,1.108
2.51,-5.292,0.1247,1.11
2.52,-5.282,0.1353,1.111
2.53,-5.272,0.1486,1.112
2.54,-5.262,0.1645,1.114
2.55,-5.252,0.1828,1.116
2.56,-5.241999999999999,0.2033,1.118
2.57,-5.231999999999999,0.2258,1.12
2.58,-5.2219999999999995,0.25,1.123
2.59,-5.212,0.2756,1.125
2.6,-5.202,0.3022,1.129
2.61,-5.192,0.3295,1.132
2.62,-5.1819999999999995,0.3572,1.135
2.63,-5.172,0.3848,1.139
2.64,-5.161999999999999,0.4119,1.143
2.65,-5.151999999999999,0.4382,1.148
2.66,-5.1419999999999995,0.4633,1.152
2.67,-5.132,0.4867,1.157
2.68,-5.122,0.5083,1.162
2.69,-5.112,0.5277,1.168
2.7,-5.101999999999999,0.5445,1.173
2.71,-5.092,0.5587,1.179
2.72,-5.081999999999999,0.5699,1.184
2.73,-5.071999999999999,0.5782,1.19
2.74,-5.061999999999999,0.5832,1.196
2.75,-5.052,0.585,1.202
2.76,-5.042,0.5836,1.208
2.77,-5.032,0.5789,1.213
2.78,-5.022,0.5711,1.219
2.79,-5.012,0.5602,1.225
2.8,-5.002,0.5464,1.23
2.81,-4.991999999999999,0.5298,1.235
2.82,-4.981999999999999,0.5106,1.241
2.83,-4.9719999999999995,0.4892,1.245
2.84,-4.962,0.4659,1.25
2.85,-4.952,0.4408,1.255
2.86,-4.942,0.4144,1.259
2.87,-4.9319999999999995,0.3871,1.263
2.88,-4.922,0.3591,1.266
2.89,-4.911999999999999,0.3308,1.269
2.9,-4.901999999999999,0.3027,1.272
2.91,-4.8919999999999995,0.275,1.275
2.92,-4.882,0.248,1.278
2.93,-4.872,0.2221,1.28
2.94,-4.862,0.1974,1.282
2.95,-4.851999999999999,0.1742,1.284
2.96,-4.842,0.1527,1.285
2.97,-4.831999999999999,0.1328,1.287
2.98,-4.821999999999999,0.1148,1.288
2.99,-4.811999999999999,0.09869,1.289
3.0,-4.802,0.08438,1.289
3.01,-4.792,0.07188,1.29
3.02,-4.782,0.06114,1.291
3.03,-4.772,0.05207,1.291
3.04,-4.762,0.04458,1.292
3.05,-4.752,0.03855,1.292
3.06,-4.741999999999999,0.03388,1.293
3.07,-4.731999999999999,0.03046,1.293
3.08,-4.7219999999999995,0.02815,1.293
3.09,-4.712,0.02686,1.293
3.1,-4.702,0.02646,1.294
3.11,-4.692,0.02686,1.294
3.12,-4.6819999999999995,0.02794,1.294
3.13,-4.672,0.02962,1.294
3.14,-4.661999999999999,0.0318,1.295
3.15,-4.651999999999999,0.03438,1.295
3.16,-4.6419999999999995,0.03727,1.296
3.17,-4.632,0.04039,1.296
3.18,-4.622,0.04366,1.296
3.19,-4.612,0.04699,1.297
3.2,-4.601999999999999,0.05032,1.297
3.21,-4.592,0.05357,1.298
3.22,-4.581999999999999,0.05667,1.298
3.23,-4.571999999999999,0.05959,1.299
3.24,-4.561999999999999,0.06228,1.3
3.25,-4.552,0.0647,1.3
3.26,-4.542,0.06684,1.301
3.27,-4.532,0.06869,1.302
3.28,-4.522,0.07026,1.302
3.29,-4.512,0.07156,1.303
3.3,-4.502,0.07261,1.304
3.31,-4.491999999999999,0.07346,1.305
3.32,-4.481999999999999,0.07413,1.305
3.33,-4.4719999999999995,0.07468,1.306
3.34,-4.462,0.07515,1.307
3.35,-4.452,0.07558,1.308
3.36,-4.442,0.07601,1.308
3.37,-4.4319999999999995,0.0765,1.309
3.38,-4.422,0.07708,1.31
3.39,-4.411999999999999,0.07779,1.311
3.4,-4.401999999999999,0.07868,1.311
3.41,-4.3919999999999995,0.07979,1.312
3.42,-4.382,0.08119,1.313
3.43,-4.372,0.08295,1.314
3.44,-4.362,0.08515,1.315
3.45,-4.351999999999999,0.08789,1.316
3.46,-4.342,0.09131,1.316
3.47,-4.331999999999999,0.09556,1.317
3.48,-4.321999999999999,0.1008,1.318
3.49,-4.311999999999999,0.1073,1.319
3.5,-4.302,0.1152,1.321
3.51,-4.292,0.1247,1.322
3.52,-4.282,0.1362,1.323
3.53,-4.272,0.1498,1.325
3.54,-4.262,0.1658,1.326
3.55,-4.252,0.1844,1.328
3.56,-4.241999999999999,0.2057,1.33
3.57,-4.231999999999999,0.2299,1.333
3.58,-4.2219999999999995,0.257,1.335
3.59,-4.212,0.287,1.338
3.6,-4.202,0.3198,1.341
3.61,-4.192,0.3551,1.345
3.62,-4.1819999999999995,0.3928,1.349
3.63,-4.172,0.4323,1.353
3.64,-4.161999999999999,0.4732,1.358
3.65,-4.151999999999999,0.515,1.363
3.66,-4.1419999999999995,0.557,1.369
3.67,-4.132,0.5987,1.374
3.68,-4.122,0.6393,1.381
3.69,-4.112,0.6781,1.388
3.7,-4.101999999999999,0.7145,1.395
3.71,-4.092,0.7479,1.402
3.72,-4.081999999999999,0.7777,1.41
3.73,-4.071999999999999,0.8035,1.418
3.74,-4.061999999999999,0.8248,1.426
3.75,-4.052,0.8414,1.435
3.76,-4.042,0.8531,1.443
3.77,-4.032,0.8599,1.452
3.78,-4.022,0.8618,1.461
3.79,-4.012,0.8588,1.469
3.8,-4.002,0.8512,1.478
3.81,-3.9919999999999995,0.8393,1.486
3.82,-3.9819999999999998,0.8234,1.494
3.83,-3.9719999999999995,0.8037,1.502
3.84,-3.9619999999999997,0.7808,1.51
3.85,-3.9519999999999995,0.7549,1.518
3.86,-3.9419999999999997,0.7265,1.525
3.87,-3.9319999999999995,0.6959,1.532
3.88,-3.9219999999999997,0.6635,1.538
3.89,-3.9119999999999995,0.6296,1.545
3.9,-3.9019999999999997,0.5947,1.551
3.91,-3.8919999999999995,0.559,1.556
3.92,-3.8819999999999997,0.5229,1.562
3.93,-3.8719999999999994,0.4867,1.566
3.94,-3.8619999999999997,0.4506,1.571
3.95,-3.8519999999999994,0.4151,1.575
3.96,-3.8419999999999996,0.3803,1.579
3.97,-3.8319999999999994,0.3467,1.582
3.98,-3.8219999999999996,0.3143,1.585
3.99,-3.8119999999999994,0.2836,1.588
4.0,-3.8019999999999996,0.2547,1.591
4.01,-3.792,0.2278,1.593
4.02,-3.782,0.2032,1.595
4.03,-3.7719999999999994,0.181,1.597
4.04,-3.7619999999999996,0.1614,1.599
4.05,-3.752,0.1444,1.6
4.06,-3.742,0.1302,1.601
4.07,-3.7319999999999993,0.1188,1.603
4.08,-3.7219999999999995,0.1103,1.604
4.09,-3.7119999999999997,0.1047,1.605
4.1,-3.702,0.1019,1.606
4.11,-3.6919999999999993,0.102,1.607
4.12,-3.6819999999999995,0.1048,1.608
4.13,-3.6719999999999997,0.1103,1.609
4.14,-3.662,0.1183,1.61
4.15,-3.6519999999999992,0.1287,1.611
4.16,-3.6419999999999995,0.1413,1.613
4.17,-3.6319999999999997,0.1558,1.614
4.18,-3.622,0.172,1.616
4.19,-3.611999999999999,0.1896,1.618
4.2,-3.6019999999999994,0.2083,1.62
4.21,-3.5919999999999996,0.2275,1.622
4.22,-3.582,0.2471,1.625
4.23,-3.571999999999999,0.2665,1.627
4.24,-3.5619999999999994,0.2854,1.63
4.25,-3.5519999999999996,0.3034,1.633
4.26,-3.542,0.3201,1.637
4.27,-3.532,0.3351,1.64
4.28,-3.5219999999999994,0.3483,1.643
4.29,-3.5119999999999996,0.3594,1.647
4.3,-3.502,0.3683,1.651
4.31,-3.492,0.3749,1.654
4.32,-3.4819999999999993,0.3793,1.658
4.33,-3.4719999999999995,0.3816,1.662
4.34,-3.4619999999999997,0.3821,1.666
4.35,-3.452,0.381,1.67
4.36,-3.4419999999999993,0.3786,1.673
4.37,-3.4319999999999995,0.3754,1.677
4.38,-3.4219999999999997,0.3717,1.681
4.39,-3.412,0.368,1.685
4.4,-3.4019999999999992,0.3646,1.688
4.41,-3.3919999999999995,0.3618,1.692
4.42,-3.3819999999999997,0.3601,1.695
4.43,-3.372,0.3595,1.699
4.44,-3.361999999999999,0.3603,1.703
4.45,-3.3519999999999994,0.3625,1.706
4.46,-3.3419999999999996,0.3662,1.71
4.47,-3.332,0.3711,1.714
4.48,-3.321999999999999,0.3773,1.717
4.49,-3.3119999999999994,0.3846,1.721
4.5,-3.3019999999999996,0.3927,1.725
4.51,-3.292,0.4014,1.729
4.52,-3.282,0.4106,1.733
4.53,-3.2719999999999994,0.4202,1.737
4.54,-3.2619999999999996,0.43,1.742
4.55,-3.252,0.4401,1.746
4.56,-3.242,0.4505,1.751
4.57,-3.2319999999999993,0.4614,1.755
4.58,-3.2219999999999995,0.473,1.76
4.59,-3.2119999999999997,0.4856,1.765
4.6,-3.202,0.4994,1.77
4.61,-3.1919999999999993,0.515,1.775
4.62,-3.1819999999999995,0.5327,1.78
4.63,-3.1719999999999997,0.5527,1.786
4.64,-3.162,0.5754,1.792
4.65,-3.1519999999999992,0.601,1.798
4.66,-3.1419999999999995,0.6296,1.804
4.67,-3.1319999999999997,0.661,1.811
4.68,-3.122,0.6952,1.818
4.69,-3.111999999999999,0.7316,1.825
4.7,-3.1019999999999994,0.7699,1.833
4.71,-3.0919999999999996,0.8093,1.841
4.72,-3.082,0.849,1.849
4.73,-3.071999999999999,0.8881,1.858
4.74,-3.0619999999999994,0.9257,1.867
4.75,-3.0519999999999996,0.9607,1.877
4.76,-3.042,0.9921,1.887
4.77,-3.032,1.019,1.897
4.78,-3.0219999999999994,1.04,1.907
4.79,-3.0119999999999996,1.056,1.918
4.8,-3.002,1.064,1.929
4.81,-2.992,1.065,1.939
4.82,-2.9819999999999993,1.059,1.95
4.83,-2.9719999999999995,1.045,1.96
4.84,-2.9619999999999997,1.024,1.97
4.85,-2.952,0.996,1.98
4.86,-2.9419999999999993,0.9615,1.99
4.87,-2.9319999999999995,0.9213,1.999
4.88,-2.9219999999999997,0.8762,2.008
4.89,-2.912,0.827,2.016
4.9,-2.9019999999999992,0.7747,2.024
4.91,-2.8919999999999995,0.7202,2.031
4.92,-2.8819999999999997,0.6646,2.038
4.93,-2.872,0.6087,2.044
4.94,-2.861999999999999,0.5533,2.05
4.95,-2.8519999999999994,0.4992,2.055
4.96,-2.8419999999999996,0.4471,2.059
4.97,-2.832,0.3974,2.063
4.98,-2.821999999999999,0.3507,2.066
4.99,-2.8119999999999994,0.3073,2.07
5.0,-2.8019999999999996,0.2672,2.072
5.01,-2.792,0.2307,2.075
5.02,-2.782,0.1978,2.077
5.03,-2.7719999999999994,0.1684,2.078
5.04,-2.7619999999999996,0.1423,2.08
5.05,-2.752,0.1195,2.081
5.06,-2.742,0.09965,2.082
5.07,-2.7319999999999993,0.08257,2.083
5.08,-2.7219999999999995,0.06802,2.083
5.09,-2.7119999999999997,0.05574,2.084
5.1,-2.702,0.04549,2.084
5.11,-2.6919999999999993,0.03706,2.085
5.12,-2.6819999999999995,0.03023,2.085
5.13,-2.6719999999999997,0.0248,2.085
5.14,-2.662,0.02061,2.085
5.15,-2.6519999999999992,0.01753,2.086
5.16,-2.6419999999999995,0.01543,2.086
5.17,-2.6319999999999997,0.01423,2.086
5.18,-2.622,0.01385,2.086
5.19,-2.611999999999999,0.01424,2.086
5.2,-2.6019999999999994,0.01538,2.086
5.21,-2.5919999999999996,0.01726,2.087
5.22,-2.582,0.01986,2.087
5.23,-2.571999999999999,0.02321,2.087
5.24,-2.5619999999999994,0.0273,2.087
5.25,-2.5519999999999996,0.03214,2.088
5.26,-2.542,0.03775,2.088
5.27,-2.532,0.04411,2.088
5.28,-2.5219999999999994,0.05121,2.089
5.29,-2.5119999999999996,0.05902,2.089
5.3,-2.502,0.06747,2.09
5.31,-2.492,0.07649,2.091
5.32,-2.4819999999999993,0.08598,2.092
5.33,-2.4719999999999995,0.09582,2.093
5.34,-2.4619999999999997,0.1058,2.094
5.35,-2.452,0.1159,2.095
5.36,-2.4419999999999993,0.1258,2.096
5.37,-2.4319999999999995,0.1353,2.098
5.38,-2.4219999999999997,0.1443,2.099
5.39,-2.412,0.1525,2.101
5.4,-2.4019999999999992,0.1597,2.102
5.41,-2.3919999999999995,0.1658,2.104
5.42,-2.3819999999999997,0.1707,2.105
5.43,-2.372,0.1741,2.107
5.44,-2.361999999999999,0.176,2.109
5.45,-2.3519999999999994,0.1764,2.111
5.46,-2.3419999999999996,0.1752,2.113
5.47,-2.332,0.1726,2.114
5.48,-2.321999999999999,0.1685,2.116
5.49,-2.3119999999999994,0.1631,2.118
5.5,-2.3019999999999996,0.1566,2.119
5.51,-2.292,0.1491,2.121
5.52,-2.282,0.1408,2.122
5.53,-2.2719999999999994,0.1321,2.123
5.54,-2.2619999999999996,0.123,2.125
5.55,-2.252,0.114,2.126
5.56,-2.242,0.1051,2.127
5.57,-2.2319999999999993,0.09672,2.128
5.58,-2.2219999999999995,0.08902,2.129
5.59,-2.2119999999999997,0.08223,2.129
5.6,-2.202,0.07657,2.13
5.61,-2.1919999999999993,0.07222,2.131
5.62,-2.1819999999999995,0.06937,2.132
5.63,-2.1719999999999997,0.06818,2.132
5.64,-2.162,0.06879,2.133
5.65,-2.1519999999999992,0.07135,2.134
5.66,-2.1419999999999995,0.07596,2.134
5.67,-2.1319999999999997,0.08273,2.135
5.68,-2.122,0.09173,2.136
5.69,-2.111999999999999,0.103,2.137
5.7,-2.1019999999999994,0.1166,2.138
5.71,-2.0919999999999996,0.1325,2.14
5.72,-2.082,0.1507,2.141
5.73,-2.071999999999999,0.1712,2.143
5.74,-2.0619999999999994,0.1937,2.145
5.75,-2.0519999999999996,0.2181,2.147
5.76,-2.042,0.2443,2.15
5.77,-2.032,0.2721,2.152
5.78,-2.0219999999999994,0.3011,2.155
5.79,-2.0119999999999996,0.331,2.159
5.8,-2.002,0.3617,2.162
5.81,-1.992,0.3926,2.166
5.82,-1.9819999999999993,0.4234,2.17
5.83,-1.9719999999999995,0.4539,2.175
5.84,-1.9619999999999997,0.4836,2.18
5.85,-1.952,0.5122,2.185
5.86,-1.9419999999999993,0.5394,2.19
5.87,-1.9319999999999995,0.5649,2.196
5.88,-1.9219999999999997,0.5885,2.202
5.89,-1.912,0.6098,2.208
5.9,-1.9019999999999992,0.6288,2.214
5.91,-1.8919999999999995,0.6453,2.221
5.92,-1.8819999999999997,0.6591,2.227
5.93,-1.8719999999999999,0.67,2.234
5.94,-1.8619999999999992,0.6781,2.241
5.95,-1.8519999999999994,0.6831,2.247
5.96,-1.8419999999999996,0.6852,2.254
5.97,-1.8319999999999999,0.6842,2.261
5.98,-1.8219999999999992,0.6802,2.268
5.99,-1.8119999999999994,0.6732,2.275
6.0,-1.8019999999999996,0.6632,2.281
6.01,-1.7919999999999998,0.6503,2.288
6.02,-1.782,0.6346,2.294
6.03,-1.7719999999999994,0.6163,2.3
6.04,-1.7619999999999996,0.5955,2.306
6.05,-1.7519999999999998,0.5726,2.312
6.06,-1.742,0.5477,2.318
6.07,-1.7319999999999993,0.5212,2.323
6.08,-1.7219999999999995,0.4933,2.328
6.09,-1.7119999999999997,0.4645,2.332
6.1,-1.702,0.4352,2.337
6.11,-1.6919999999999993,0.4056,2.341
6.12,-1.6819999999999995,0.3761,2.344
6.13,-1.6719999999999997,0.3472,2.348
6.14,-1.662,0.319,2.351
6.15,-1.6519999999999992,0.292,2.354
6.16,-1.6419999999999995,0.2663,2.357
6.17,-1.6319999999999997,0.2421,2.359
6.18,-1.6219999999999999,0.2196,2.361
6.19,-1.6119999999999992,0.199,2.363
6.2,-1.6019999999999994,0.1802,2.365
6.21,-1.5919999999999996,0.1634,2.367
6.22,-1.5819999999999999,0.1485,2.368
6.23,-1.5719999999999992,0.1355,2.37
6.24,-1.5619999999999994,0.1244,2.371
6.25,-1.5519999999999996,0.1151,2.372
6.26,-1.5419999999999998,0.1076,2.373
6.27,-1.532,0.1017,2.374
6.28,-1.5219999999999994,0.0974,2.375
6.29,-1.5119999999999996,0.09465,2.376
6.3,-1.5019999999999998,0.09335,2.377
6.31,-1.492,0.09344,2.378
6.32,-1.4819999999999993,0.09482,2.379
6.33,-1.4719999999999995,0.09741,2.38
6.34,-1.4619999999999997,0.1011,2.381
6.35,-1.452,0.1058,2.382
6.36,-1.4419999999999993,0.1114,2.383
6.37,-1.4319999999999995,0.1177,2.384
6.38,-1.4219999999999997,0.1246,2.385
6.39,-1.412,0.1319,2.387
6.4,-1.4019999999999992,0.1393,2.388
6.41,-1.3919999999999995,0.1468,2.39
6.42,-1.3819999999999997,0.154,2.391
6.43,-1.3719999999999999,0.1608,2.393
6.44,-1.3619999999999992,0.167,2.394
6.45,-1.3519999999999994,0.1724,2.396
6.46,-1.3419999999999996,0.1768,2.398
6.47,-1.3319999999999999,0.1802,2.4
6.48,-1.3219999999999992,0.1824,2.402
6.49,-1.3119999999999994,0.1834,2.403
6.5,-1.3019999999999996,0.1832,2.405
6.51,-1.2919999999999998,0.1819,2.407
6.52,-1.282,0.1796,2.409
6.53,-1.2719999999999994,0.1765,2.411
6.54,-1.2619999999999996,0.1727,2.412
6.55,-1.2519999999999998,0.1686,2.414
6.56,-1.242,0.1643,2.416
6.57,-1.2319999999999993,0.1602,2.417
6.58,-1.2219999999999995,0.1565,2.419
6.59,-1.2119999999999997,0.1537,2.42
6.6,-1.202,0.1519,2.422
6.61,-1.1919999999999993,0.1516,2.423
6.62,-1.1819999999999995,0.153,2.425
6.63,-1.1719999999999997,0.1563,2.426
6.64,-1.162,0.1619,2.428
6.65,-1.1519999999999992,0.1699,2.43
6.66,-1.1419999999999995,0.1806,2.432
6.67,-1.1319999999999997,0.194,2.434
6.68,-1.1219999999999999,0.2104,2.436
6.69,-1.1119999999999992,0.2297,2.438
6.7,-1.1019999999999994,0.2522,2.44
6.71,-1.0919999999999996,0.2777,2.443
6.72,-1.0819999999999999,0.3064,2.446
6.73,-1.0719999999999992,0.3381,2.45
6.74,-1.0619999999999994,0.3728,2.453
6.75,-1.0519999999999996,0.4104,2.458
6.76,-1.0419999999999998,0.4506,2.462
6.77,-1.032,0.4933,2.467
6.78,-1.0219999999999994,0.5382,2.472
6.79,-1.0119999999999996,0.5849,2.478
6.8,-1.0019999999999998,0.6329,2.485
6.81,-0.992,0.682,2.491
6.82,-0.9819999999999993,0.7314,2.499
6.83,-0.9719999999999995,0.7807,2.506
6.84,-0.9619999999999997,0.8292,2.515
6.85,-0.952,0.8763,2.523
6.86,-0.9419999999999993,0.9213,2.533
6.87,-0.9319999999999995,0.9636,2.542
6.88,-0.9219999999999997,1.003,2.552
6.89,-0.9119999999999999,1.038,2.563
6.9,-0.9019999999999992,1.068,2.573
6.91,-0.8919999999999995,1.094,2.584
6.92,-0.8819999999999997,1.114,2.596
6.93,-0.8719999999999999,1.129,2.607
6.94,-0.8619999999999992,1.138,2.618
6.95,-0.8519999999999994,1.141,2.63
6.96,-0.8419999999999996,1.139,2.641
6.97,-0.8319999999999999,1.131,2.652
6.98,-0.8219999999999992,1.117,2.663
6.99,-0.8119999999999994,1.099,2.674
7.0,-0.8019999999999996,1.076,2.685
7.01,-0.7919999999999998,1.049,2.696
7.02,-0.782,1.017,2.706
7.03,-0.7719999999999994,0.9829,2.716
7.04,-0.7619999999999996,0.9454,2.725
7.05,-0.7519999999999998,0.9054,2.734
7.06,-0.742,0.8634,2.743
7.07,-0.7319999999999993,0.8198,2.751
7.08,-0.7219999999999995,0.775,2.759
7.09,-0.7119999999999997,0.7295,2.766
7.1,-0.702,0.6836,2.773
7.11,-0.6919999999999993,0.6378,2.779
7.12,-0.6819999999999995,0.5923,2.785
7.13,-0.6719999999999997,0.5476,2.791
7.14,-0.6619999999999999,0.504,2.796
7.15,-0.6519999999999992,0.4619,2.8
7.16,-0.6419999999999995,0.4215,2.805
7.17,-0.6319999999999997,0.3833,2.808
7.18,-0.6219999999999999,0.3474,2.812
7.19,-0.6119999999999992,0.3143,2.815
7.2,-0.6019999999999994,0.284,2.818
7.21,-0.5919999999999996,0.2569,2.82
7.22,-0.5819999999999999,0.2331,2.823
7.23,-0.5719999999999992,0.2128,2.825
7.24,-0.5619999999999994,0.1962,2.827
7.25,-0.5519999999999996,0.1832,2.829
7.26,-0.5419999999999998,0.1739,2.83
7.27,-0.532,0.1683,2.832
7.28,-0.5219999999999994,0.1664,2.834
7.29,-0.5119999999999996,0.1681,2.835
7.3,-0.5019999999999998,0.1733,2.837
7.31,-0.492,0.1817,2.839
7.32,-0.4819999999999993,0.1932,2.841
7.33,-0.47199999999999953,0.2076,2.843
7.34,-0.46199999999999974,0.2245,2.845
7.35,-0.45199999999999996,0.2435,2.848
7.36,-0.4419999999999993,0.2644,2.85
7.37,-0.4319999999999995,0.2866,2.853
7.38,-0.4219999999999997,0.3099,2.856
7.39,-0.4119999999999999,0.3336,2.86
7.4,-0.40199999999999925,0.3572,2.863
7.41,-0.39199999999999946,0.3804,2.867
7.42,-0.3819999999999997,0.4026,2.871
7.43,-0.3719999999999999,0.4232,2.875
7.44,-0.3619999999999992,0.4419,2.88
7.45,-0.3519999999999994,0.4581,2.884
7.46,-0.34199999999999964,0.4716,2.889
7.47,-0.33199999999999985,0.4819,2.894
7.48,-0.3219999999999992,0.4888,2.899
7.49,-0.3119999999999994,0.4921,2.904
7.5,-0.3019999999999996,0.4917,2.909
7.51,-0.2919999999999998,0.4876,2.913
7.52,-0.28200000000000003,0.4798,2.918
7.53,-0.27199999999999935,0.4685,2.923
7.54,-0.26199999999999957,0.454,2.927
7.55,-0.2519999999999998,0.4366,2.932
7.56,-0.242,0.4165,2.936
7.57,-0.23199999999999932,0.3943,2.94
7.58,-0.22199999999999953,0.3704,2.944
7.59,-0.21199999999999974,0.3453,2.947
7.6,-0.20199999999999996,0.3195,2.95
7.61,-0.19199999999999928,0.2935,2.953
7.62,-0.1819999999999995,0.2677,2.956
7.63,-0.1719999999999997,0.2425,2.958
7.64,-0.16199999999999992,0.2185,2.96
7.65,-0.15199999999999925,0.196,2.962
7.66,-0.14199999999999946,0.1754,2.964
7.67,-0.13199999999999967,0.1568,2.966
7.68,-0.12199999999999989,0.1407,2.967
7.69,-0.11199999999999921,0.1272,2.968
7.7,-0.10199999999999942,0.1166,2.97
7.71,-0.09199999999999964,0.1091,2.971
7.72,-0.08199999999999985,0.1047,2.972
7.73,-0.07199999999999918,0.1037,2.973
7.74,-0.06199999999999939,0.1062,2.974
7.75,-0.0519999999999996,0.1123,2.975
7.76,-0.041999999999999815,0.1222,2.976
7.77,-0.03200000000000003,0.1358,2.978
7.78,-0.021999999999999353,0.1533,2.979
7.79,-0.011999999999999567,0.1746,2.981
7.8,-0.0019999999999997797,0.1998,2.983
7.81,0.008000000000000007,0.2287,2.985
7.82,0.018000000000000682,0.2611,2.988
7.83,0.02800000000000047,0.2968,2.991
7.84,0.038000000000000256,0.3354,2.994
7.85,0.04800000000000004,0.3765,2.998
7.86,0.05800000000000072,0.4196,3.002
7.87,0.0680000000000005,0.4639,3.007
7.88,0.07800000000000029,0.5089,3.012
7.89,0.08800000000000008,0.5536,3.017
7.9,0.09800000000000075,0.5973,3.023
7.91,0.10800000000000054,0.6391,3.03
7.92,0.11800000000000033,0.6783,3.036
7.93,0.1280000000000001,0.714,3.044
7.94,0.1380000000000008,0.7455,3.051
7.95,0.14800000000000058,0.7722,3.059
7.96,0.15800000000000036,0.7936,3.067
7.97,0.16800000000000015,0.8093,3.075
7.98,0.17800000000000082,0.8193,3.083
7.99,0.1880000000000006,0.8235,3.091
8.0,0.1980000000000004,0.8222,3.099
8.01,0.20800000000000018,0.8155,3.108
8.02,0.21799999999999997,0.8041,3.116
8.03,0.22799999999999976,0.7886,3.123
8.04,0.23799999999999955,0.7696,3.131
8.05,0.2480000000000011,0.7479,3.139
8.06,0.2580000000000009,0.7243,3.146
8.07,0.2680000000000007,0.6995,3.153
8.08,0.27800000000000047,0.6743,3.16
8.09,0.28800000000000026,0.6493,3.166
8.1,0.29800000000000004,0.6249,3.172
8.11,0.30799999999999983,0.6016,3.178
8.12,0.3179999999999996,0.5797,3.184
8.13,0.3280000000000012,0.5593,3.19
8.14,0.33800000000000097,0.5404,3.195
8.15,0.34800000000000075,0.5229,3.2
8.16,0.35800000000000054,0.5066,3.205
8.17,0.3680000000000003,0.4912,3.21
8.18,0.3780000000000001,0.4764,3.215
8.19,0.3879999999999999,0.4618,3.22
8.2,0.3979999999999997,0.4472,3.224
8.21,0.40800000000000125,0.4322,3.229
8.22,0.41800000000000104,0.4165,3.233
8.23,0.4280000000000008,0.4,3.237
8.24,0.4380000000000006,0.3825,3.241
8.25,0.4480000000000004,0.364,3.244
8.26,0.4580000000000002,0.3445,3.248
8.27,0.46799999999999997,0.3241,3.251
8.28,0.47799999999999976,0.303,3.254
8.29,0.48799999999999955,0.2814,3.257
8.3,0.4980000000000011,0.2595,3.259
8.31,0.5080000000000009,0.2377,3.262
8.32,0.5180000000000007,0.2162,3.264
8.33,0.5280000000000005,0.1953,3.266
8.34,0.5380000000000003,0.1753,3.268
8.35,0.548,0.1564,3.269
8.36,0.5579999999999998,0.139,3.271
8.37,0.5679999999999996,0.1231,3.272
8.38,0.5780000000000012,0.109,3.273
8.39,0.588000000000001,0.09681,3.274
8.4,0.5980000000000008,0.08663,3.275
8.41,0.6080000000000005,0.07854,3.275
8.42,0.6180000000000003,0.0726,3.276
8.43,0.6280000000000001,0.06887,3.277
8.44,0.6379999999999999,0.06734,3.278
8.45,0.6479999999999997,0.06805,3.278
8.46,0.6580000000000013,0.07096,3.279
8.47,0.668000000000001,0.07607,3.28
8.48,0.6780000000000008,0.08332,3.281
8.49,0.6880000000000006,0.09266,3.281
8.5,0.6980000000000004,0.104,3.283
8.51,0.7080000000000002,0.1172,3.284
8.52,0.718,0.1321,3.285
8.53,0.7279999999999998,0.1486,3.286
8.54,0.7379999999999995,0.1663,3.288
8.55,0.7480000000000011,0.1851,3.29
8.56,0.7580000000000009,0.2046,3.292
8.57,0.7680000000000007,0.2245,3.294
8.58,0.7780000000000005,0.2444,3.297
8.59,0.7880000000000003,0.2639,3.299
8.6,0.798,0.2826,3.302
8.61,0.8079999999999998,0.3002,3.305
8.62,0.8179999999999996,0.3162,3.308
8.63,0.8280000000000012,0.3303,3.312
8.64,0.838000000000001,0.3422,3.315
8.65,0.8480000000000008,0.3518,3.319
8.66,0.8580000000000005,0.3588,3.322
8.67,0.8680000000000003,0.3632,3.326
8.68,0.8780000000000001,0.365,3.329
8.69,0.8879999999999999,0.3644,3.333
8.7,0.8979999999999997,0.3616,3.337
8.71,0.9080000000000013,0.3569,3.34
8.72,0.918000000000001,0.3507,3.344
8.73,0.9280000000000008,0.3434,3.347
8.74,0.9380000000000006,0.3354,3.351
8.75,0.9480000000000004,0.3274,3.354
8.76,0.9580000000000002,0.3198,3.357
8.77,0.968,0.3132,3.36
8.78,0.9779999999999998,0.308,3.363
8.79,0.9879999999999995,0.3046,3.366
8.8,0.9980000000000011,0.3035,3.369
8.81,1.008000000000001,0.3048,3.372
8.82,1.0180000000000007,0.3087,3.376
8.83,1.0280000000000005,0.3154,3.379
8.84,1.0380000000000003,0.3249,3.382
8.85,1.048,0.3369,3.385
8.86,1.0579999999999998,0.3513,3.389
8.87,1.0679999999999996,0.3677,3.392
8.88,1.0780000000000012,0.3859,3.396
8.89,1.088000000000001,0.4053,3.4
8.9,1.0980000000000008,0.4254,3.405
8.91,1.1080000000000005,0.4458,3.409
8.92,1.1180000000000003,0.4659,3.414
8.93,1.1280000000000001,0.4852,3.419
8.94,1.138,0.5032,3.424
8.95,1.1479999999999997,0.5194,3.429
8.96,1.1580000000000013,0.5336,3.434
8.97,1.168000000000001,0.5454,3.44
8.98,1.1780000000000008,0.5546,3.445
8.99,1.1880000000000006,0.5611,3.451
9.0,1.1980000000000004,0.5649,3.456
9.01,1.2080000000000002,0.5661,3.462
9.02,1.218,0.565,3.468
9.03,1.2279999999999998,0.5618,3.473
9.04,1.2379999999999995,0.5569,3.479
9.05,1.248000000000001,0.5508,3.484
9.06,1.258000000000001,0.544,3.49
9.07,1.2680000000000007,0.5371,3.495
9.08,1.2780000000000005,0.5306,3.501
9.09,1.2880000000000003,0.5252,3.506
9.1,1.298,0.5213,3.511
9.11,1.3079999999999998,0.5194,3.516
9.12,1.3179999999999996,0.52,3.521
9.13,1.3280000000000012,0.5234,3.527
9.14,1.338000000000001,0.5297,3.532
9.15,1.3480000000000008,0.539,3.537
9.16,1.3580000000000005,0.5512,3.543
9.17,1.3680000000000003,0.5661,3.548
9.18,1.3780000000000001,0.5834,3.554
9.19,1.388,0.6025,3.56
9.2,1.3979999999999997,0.6229,3.567
9.21,1.4080000000000013,0.6438,3.573
9.22,1.418000000000001,0.6645,3.58
9.23,1.4280000000000008,0.6841,3.587
9.24,1.4380000000000006,0.7018,3.594
9.25,1.4480000000000004,0.7169,3.601
9.26,1.4580000000000002,0.7286,3.608
9.27,1.468,0.7362,3.615
9.28,1.4779999999999998,0.7393,3.623
9.29,1.4879999999999995,0.7376,3.63
9.3,1.498000000000001,0.7307,3.637
9.31,1.508000000000001,0.7187,3.645
9.32,1.5180000000000007,0.7018,3.652
9.33,1.5280000000000005,0.6803,3.658
9.34,1.5380000000000003,0.6546,3.665
9.35,1.548,0.6252,3.671
9.36,1.5579999999999998,0.593,3.677
9.37,1.5679999999999996,0.5586,3.683
9.38,1.5780000000000012,0.5229,3.688
9.39,1.588000000000001,0.4867,3.693
9.4,1.5980000000000008,0.4507,3.697
9.41,1.6080000000000005,0.4157,3.702
9.42,1.6180000000000003,0.3823,3.705
9.43,1.6280000000000001,0.3511,3.709
9.44,1.638,0.3224,3.712
9.45,1.6479999999999997,0.2968,3.715
9.46,1.6580000000000013,0.2742,3.718
9.47,1.668000000000001,0.2549,3.72
9.48,1.6780000000000008,0.2388,3.723
9.49,1.6880000000000006,0.2257,3.725
9.5,1.6980000000000004,0.2154,3.727
9.51,1.7080000000000002,0.2076,3.729
9.52,1.718,0.202,3.731
9.53,1.7279999999999998,0.1981,3.733
9.54,1.7379999999999995,0.1955,3.735
9.55,1.748000000000001,0.1939,3.737
9.56,1.758000000000001,0.1928,3.739
9.57,1.7680000000000007,0.1918,3.741
9.58,1.7780000000000005,0.1907,3.743
9.59,1.7880000000000003,0.1891,3.745
9.6,1.798,0.1867,3.747
9.61,1.8079999999999998,0.1835,3.748
9.62,1.8179999999999996,0.1794,3.75
9.63,1.8280000000000012,0.1742,3.752
9.64,1.838000000000001,0.1681,3.754
9.65,1.8480000000000008,0.161,3.755
9.66,1.8580000000000005,0.153,3.757
9.67,1.8680000000000003,0.1445,3.758
9.68,1.8780000000000001,0.1354,3.76
9.69,1.888,0.1261,3.761
9.7,1.8979999999999997,0.1167,3.762
9.71,1.9080000000000013,0.1075,3.763
9.72,1.918000000000001,0.09871,3.764
9.73,1.9280000000000008,0.09059,3.765
9.74,1.9380000000000006,0.08338,3.766
9.75,1.9480000000000004,0.0773,3.767
9.76,1.9580000000000002,0.0726,3.767
9.77,1.968,0.0695,3.768
9.78,1.9779999999999998,0.06826,3.769
9.79,1.9879999999999995,0.06909,3.769
9.8,1.998000000000001,0.07224,3.77
9.81,2.008000000000001,0.07797,3.771
9.82,2.0180000000000007,0.0865,3.772
9.83,2.0280000000000005,0.09807,3.773
9.84,2.0380000000000003,0.1129,3.774
9.85,2.048,0.1313,3.775
9.86,2.058,0.1533,3.777
9.87,2.0679999999999996,0.1792,3.779
9.88,2.078000000000001,0.2091,3.781
9.89,2.088000000000001,0.2429,3.783
9.9,2.0980000000000008,0.2807,3.786
9.91,2.1080000000000005,0.3223,3.789
9.92,2.1180000000000003,0.3675,3.793
9.93,2.128,0.4159,3.797
9.94,2.138,0.4671,3.802
9.95,2.1479999999999997,0.5204,3.807
9.96,2.1580000000000013,0.5752,3.813
9.97,2.168000000000001,0.6307,3.819
9.98,2.178000000000001,0.686,3.826
9.99,2.1880000000000006,0.7401,3.833
10.0,2.1980000000000004,0.792,3.841
10.01,2.208,0.8407,3.849
10.02,2.218,0.8853,3.858
10.03,2.2279999999999998,0.9248,3.868
10.04,2.2379999999999995,0.9584,3.877
10.05,2.248000000000001,0.9854,3.887
10.06,2.258000000000001,1.005,3.897
10.07,2.2680000000000007,1.018,3.907
10.08,2.2780000000000005,1.023,3.917
10.09,2.2880000000000003,1.02,3.928
10.1,2.298,1.01,3.938
10.11,2.308,0.9926,3.948
10.12,2.3179999999999996,0.9694,3.957
10.13,2.328000000000001,0.9407,3.967
10.14,2.338000000000001,0.9076,3.976
10.15,2.3480000000000008,0.8711,3.985
10.16,2.3580000000000005,0.8321,3.993
10.17,2.3680000000000003,0.7919,4.001
10.18,2.378,0.7515,4.008
10.19,2.388,0.7119,4.015
10.2,2.3979999999999997,0.6741,4.022
10.21,2.4080000000000013,0.6388,4.029
10.22,2.418000000000001,0.6068,4.035
10.23,2.428000000000001,0.5784,4.04
10.24,2.4380000000000006,0.554,4.046
10.25,2.4480000000000004,0.5337,4.051
10.26,2.458,0.5175,4.056
10.27,2.468,0.5052,4.061
10.28,2.4779999999999998,0.4965,4.066
10.29,2.4879999999999995,0.4909,4.071
10.3,2.498000000000001,0.4879,4.076
10.31,2.508000000000001,0.4869,4.081
10.32,2.5180000000000007,0.4872,4.086
10.33,2.5280000000000005,0.4884,4.091
10.34,2.5380000000000003,0.4897,4.096
10.35,2.548,0.4906,4.101
10.36,2.558,0.4907,4.106
10.37,2.5679999999999996,0.4897,4.11
10.38,2.578000000000001,0.4872,4.115
10.39,2.588000000000001,0.483,4.12
10.4,2.5980000000000008,0.4772,4.125
10.41,2.6080000000000005,0.4696,4.13
10.42,2.6180000000000003,0.4605,4.134
10.43,2.628,0.4499,4.139
10.44,2.638,0.4381,4.143
10.45,2.6479999999999997,0.4254,4.147
10.46,2.6580000000000013,0.412,4.151
10.47,2.668000000000001,0.3982,4.155
10.48,2.678000000000001,0.3841,4.159
10.49,2.6880000000000006,0.3702,4.163
10.5,2.6980000000000004,0.3564,4.167
10.51,2.708,0.3431,4.17
10.52,2.718,0.3302,4.173
10.53,2.7279999999999998,0.318,4.176
10.54,2.7379999999999995,0.3064,4.18
10.55,2.748000000000001,0.2956,4.183
10.56,2.758000000000001,0.2854,4.185
10.57,2.7680000000000007,0.2761,4.188
10.58,2.7780000000000005,0.2675,4.191
10.59,2.7880000000000003,0.2598,4.193
10.6,2.798,0.253,4.196
10.61,2.808,0.2473,4.198
10.62,2.8179999999999996,0.2426,4.201
10.63,2.828000000000001,0.2392,4.203
10.64,2.838000000000001,0.2371,4.206
10.65,2.8480000000000008,0.2365,4.208
10.66,2.8580000000000005,0.2374,4.21
10.67,2.8680000000000003,0.24,4.213
10.68,2.878,0.2442,4.215
10.69,2.888,0.2502,4.218
10.7,2.8979999999999997,0.2578,4.22
10.71,2.9080000000000013,0.2669,4.223
10.72,2.918000000000001,0.2774,4.226
10.73,2.928000000000001,0.2891,4.229
10.74,2.9380000000000006,0.3016,4.232
10.75,2.9480000000000004,0.3148,4.235
10.76,2.958,0.3283,4.238
10.77,2.968,0.3418,4.241
10.78,2.9779999999999998,0.3549,4.245
10.79,2.9879999999999995,0.3674,4.249
10.8,2.998000000000001,0.3791,4.252
10.81,3.008000000000001,0.3897,4.256
10.82,3.0180000000000007,0.3991,4.26
10.83,3.0280000000000005,0.4073,4.264
10.84,3.0380000000000003,0.4143,4.269
10.85,3.048,0.4202,4.273
10.86,3.058,0.4253,4.277
10.87,3.0679999999999996,0.4297,4.281
10.88,3.078000000000001,0.4337,4.286
10.89,3.088000000000001,0.4377,4.29
10.9,3.0980000000000008,0.4419,4.294
10.91,3.1080000000000005,0.4467,4.299
10.92,3.1180000000000003,0.4522,4.303
10.93,3.128,0.4587,4.308
10.94,3.138,0.4663,4.313
10.95,3.1479999999999997,0.475,4.317
10.96,3.1580000000000013,0.4847,4.322
10.97,3.168000000000001,0.4953,4.327
10.98,3.178000000000001,0.5066,4.332
10.99,3.1880000000000006,0.518,4.337
11.0,3.1980000000000004,0.5294,4.343
11.01,3.208,0.5402,4.348
11.02,3.218,0.55,4.354
11.03,3.2279999999999998,0.5583,4.359
11.04,3.2379999999999995,0.5648,4.365
11.05,3.248000000000001,0.569,4.371
11.06,3.258000000000001,0.5708,4.376
11.07,3.2680000000000007,0.5698,4.382
11.08,3.2780000000000005,0.566,4.388
11.09,3.2880000000000003,0.5594,4.393
11.1,3.298,0.5502,4.399
11.11,3.308,0.5386,4.404
11.12,3.3179999999999996,0.525,4.409
11.13,3.328000000000001,0.5097,4.414
11.14,3.338000000000001,0.4933,4.419
11.15,3.3480000000000008,0.4764,4.424
11.16,3.3580000000000005,0.4595,4.429
11.17,3.3680000000000003,0.4433,4.433
11.18,3.378,0.4283,4.438
11.19,3.388,0.4153,4.442
11.2,3.3979999999999997,0.4047,4.446
11.21,3.4080000000000013,0.3972,4.45
11.22,3.418000000000001,0.3932,4.454
11.23,3.428000000000001,0.3931,4.458
11.24,3.4380000000000006,0.3973,4.462
11.25,3.4480000000000004,0.4062,4.466
11.26,3.458,0.4199,4.47
11.27,3.468,0.4386,4.474
11.28,3.4779999999999998,0.4622,4.479
11.29,3.4879999999999995,0.4906,4.484
11.3,3.498000000000001,0.5237,4.489
11.31,3.508000000000001,0.5612,4.495
11.32,3.5180000000000007,0.6024,4.501
11.33,3.5280000000000005,0.6469,4.507
11.34,3.5380000000000003,0.694,4.514
11.35,3.548,0.7428,4.521
11.36,3.558,0.7925,4.529
11.37,3.5679999999999996,0.842,4.538
11.38,3.578000000000001,0.8904,4.547
11.39,3.588000000000001,0.9366,4.556
11.4,3.5980000000000008,0.9796,4.566
11.41,3.6080000000000005,1.019,4.576
11.42,3.6180000000000003,1.053,4.587
11.43,3.628,1.081,4.597
11.44,3.638,1.103,4.608
11.45,3.6479999999999997,1.119,4.62
11.46,3.6580000000000013,1.129,4.631
11.47,3.668000000000001,1.132,4.642
11.48,3.678000000000001,1.129,4.653
11.49,3.6880000000000006,1.121,4.665
11.5,3.6980000000000004,1.108,4.676
11.51,3.708,1.091,4.687
11.52,3.718,1.071,4.697
11.53,3.7279999999999998,1.049,4.708
11.54,3.7379999999999995,1.026,4.718
11.55,3.748000000000001,1.003,4.728
11.56,3.758000000000001,0.9799,4.738
11.57,3.7680000000000007,0.9586,4.748
11.58,3.7780000000000005,0.939,4.757
11.59,3.7880000000000003,0.9214,4.766
11.6,3.798,0.9059,4.775
11.61,3.808,0.8925,4.784
11.62,3.8179999999999996,0.8807,4.793
11.63,3.828000000000001,0.8703,4.802
11.64,3.838000000000001,0.8606,4.81
11.65,3.8480000000000008,0.8509,4.819
11.66,3.8580000000000005,0.8407,4.827
11.67,3.8680000000000003,0.8292,4.835
11.68,3.878,0.8158,4.844
11.69,3.888,0.7999,4.852
11.7,3.8979999999999997,0.7812,4.859
11.71,3.9080000000000013,0.7593,4.867
11.72,3.918000000000001,0.734,4.874
11.73,3.928000000000001,0.7055,4.881
11.74,3.9380000000000006,0.6737,4.888
11.75,3.9480000000000004,0.639,4.895
11.76,3.958,0.6018,4.901
11.77,3.968,0.5626,4.906
11.78,3.9779999999999998,0.522,4.911
11.79,3.9879999999999995,0.4805,4.916
11.8,3.998000000000001,0.4388,4.921
11.81,4.008000000000001,0.3975,4.925
11.82,4.018000000000001,0.3571,4.928
11.83,4.0280000000000005,0.3182,4.931
11.84,4.038,0.2811,4.934
11.85,4.048,0.2463,4.937
11.86,4.058,0.2139,4.939
11.87,4.068,0.1842,4.941
11.88,4.078000000000001,0.1573,4.942
11.89,4.088000000000001,0.1332,4.943
11.9,4.098000000000001,0.1117,4.945
11.91,4.1080000000000005,0.09298,4.945
11.92,4.118,0.0767,4.946
11.93,4.128,0.06273,4.947
11.94,4.138,0.05087,4.947
11.95,4.148,0.04091,4.948
11.96,4.158000000000001,0.03265,4.948
11.97,4.168000000000001,0.02586,4.948
11.98,4.178000000000001,0.02036,4.949
11.99,4.188000000000001,0.01597,4.949
12.0,4.198,0.01254,4.949
12.01,4.208,0.009916,4.949
12.02,4.218,0.007998,4.949
12.03,4.228,0.006695,4.949
12.04,4.2379999999999995,0.005946,4.949
12.05,4.248000000000001,0.005715,4.949
12.06,4.258000000000001,0.005991,4.949
12.07,4.268000000000001,0.00679,4.949
12.08,4.2780000000000005,0.008155,4.949
12.09,4.288,0.01015,4.95
12.1,4.298,0.01288,4.95
12.11,4.308,0.01645,4.95
12.12,4.318,0.02101,4.95
12.13,4.328000000000001,0.02674,4.95
12.14,4.338000000000001,0.03382,4.951
12.15,4.348000000000001,0.04246,4.951
12.16,4.3580000000000005,0.05289,4.952
12.17,4.368,0.06533,4.952
12.18,4.378,0.08,4.953
12.19,4.388,0.09714,4.954
12.2,4.398,0.1169,4.955
12.21,4.408000000000001,0.1396,4.957
12.22,4.418000000000001,0.1651,4.958
12.23,4.428000000000001,0.1937,4.96
12.24,4.438000000000001,0.2253,4.962
12.25,4.448,0.2598,4.965
12.26,4.458,0.2971,4.968
12.27,4.468,0.337,4.971
12.28,4.478,0.3789,4.975
12.29,4.4879999999999995,0.4226,4.979
12.3,4.498000000000001,0.4675,4.984
12.31,4.508000000000001,0.513,4.989
12.32,4.518000000000001,0.5584,4.995
12.33,4.5280000000000005,0.6031,5.001
12.34,4.538,0.6463,5.007
12.35,4.548,0.6873,5.014
12.36,4.558,0.7254,5.021
12.37,4.568,0.7601,5.029
12.38,4.578000000000001,0.7907,5.037
12.39,4.588000000000001,0.8169,5.045
12.4,4.598000000000001,0.8381,5.053
12.41,4.6080000000000005,0.8543,5.062
12.42,4.618,0.8652,5.071
12.43,4.628,0.8709,5.079
12.44,4.638,0.8715,5.088
12.45,4.648,0.8672,5.097
12.46,4.658000000000001,0.8582,5.105
12.47,4.668000000000001,0.8449,5.114
12.48,4.678000000000001,0.8277,5.122
12.49,4.688000000000001,0.8071,5.13
12.5,4.698,0.7836,5.138
12.51,4.708,0.7576,5.146
12.52,4.718,0.7297,5.153
12.53,4.728,0.7003,5.16
12.54,4.7379999999999995,0.67,5.167
12.55,4.748000000000001,0.6392,5.173
12.56,4.758000000000001,0.6084,5.179
12.57,4.768000000000001,0.5779,5.185
12.58,4.7780000000000005,0.5484,5.19
12.59,4.788,0.52,5.195
12.6,4.798,0.4933,5.2
12.61,4.808,0.4685,5.205
12.62,4.818,0.4459,5.21
12.63,4.828000000000001,0.4259,5.214
12.64,4.838000000000001,0.4085,5.218
12.65,4.848000000000001,0.3939,5.222
12.66,4.8580000000000005,0.3822,5.226
12.67,4.868,0.3733,5.229
12.68,4.878,0.3672,5.233
12.69,4.888,0.3636,5.237
12.7,4.898,0.3623,5.24
12.71,4.908000000000001,0.3629,5.244
12.72,4.918000000000001,0.3652,5.248
12.73,4.928000000000001,0.3686,5.251
12.74,4.938000000000001,0.3727,5.255
12.75,4.948,0.3772,5.259
12.76,4.958,0.3815,5.263
12.77,4.968,0.3853,5.266
12.78,4.978,0.3882,5.27
12.79,4.9879999999999995,0.3901,5.274
12.8,4.998000000000001,0.3908,5.278
12.81,5.008000000000001,0.3902,5.282
12.82,5.018000000000001,0.3884,5.286
12.83,5.0280000000000005,0.3856,5.29
12.84,5.038,0.382,5.294
12.85,5.048,0.3781,5.297
12.86,5.058,0.3742,5.301
12.87,5.068,0.3709,5.305
12.88,5.078000000000001,0.3687,5.309
12.89,5.088000000000001,0.368,5.312
12.9,5.098000000000001,0.3696,5.316
12.91,5.1080000000000005,0.3737,5.32
12.92,5.118,0.3809,5.323
12.93,5.128,0.3913,5.327
12.94,5.138,0.4054,5.331
12.95,5.148,0.4231,5.336
12.96,5.158000000000001,0.4443,5.34
12.97,5.168000000000001,0.469,5.345
12.98,5.178000000000001,0.4968,5.35
12.99,5.188000000000001,0.5273,5.355
13.0,5.198,0.56,5.361
13.01,5.208,0.5942,5.367
13.02,5.218,0.6292,5.373
13.03,5.228,0.6644,5.38
13.04,5.2379999999999995,0.6989,5.387
13.05,5.248000000000001,0.7322,5.394
13.06,5.258000000000001,0.7634,5.401
13.07,5.268000000000001,0.792,5.409
13.08,5.2780000000000005,0.8175,5.418
13.09,5.288,0.8394,5.426
13.1,5.298,0.8575,5.435
13.11,5.308,0.8716,5.443
13.12,5.318,0.8816,5.452
13.13,5.328000000000001,0.8877,5.461
13.14,5.338000000000001,0.8899,5.47
13.15,5.348000000000001,0.8886,5.479
13.16,5.3580000000000005,0.884,5.488
13.17,5.368,0.8767,5.496
13.18,5.378,0.867,5.505
13.19,5.388,0.8555,5.514
13.2,5.398,0.8425,5.522
13.21,5.408000000000001,0.8285,5.53
13.22,5.418000000000001,0.8139,5.538
13.23,5.428000000000001,0.799,5.546
13.24,5.438000000000001,0.7841,5.554
13.25,5.448,0.7695,5.562
13.26,5.458,0.7553,5.569
13.27,5.468,0.7416,5.577
13.28,5.478,0.7284,5.584
13.29,5.4879999999999995,0.7157,5.591
13.3,5.498000000000001,0.7034,5.598
13.31,5.508000000000001,0.6914,5.605
13.32,5.518000000000001,0.6794,5.612
13.33,5.5280000000000005,0.6673,5.619
13.34,5.538,0.6549,5.625
13.35,5.548,0.642,5.632
13.36,5.558,0.6282,5.638
13.37,5.568,0.6135,5.644
13.38,5.578000000000001,0.5977,5.65
13.39,5.588000000000001,0.5806,5.656
13.4,5.598000000000001,0.5623,5.662
13.41,5.6080000000000005,0.5426,5.667
13.42,5.618,0.5217,5.672
13.43,5.628,0.4997,5.677
13.44,5.638,0.4768,5.682
13.45,5.648,0.4532,5.686
13.46,5.658000000000001,0.4293,5.691
13.47,5.668000000000001,0.4054,5.695
13.48,5.678000000000001,0.3818,5.699
13.49,5.688000000000001,0.359,5.702
13.5,5.698,0.3374,5.706
13.51,5.708,0.3173,5.709
13.52,5.718,0.2991,5.712
13.53,5.728,0.2832,5.715
13.54,5.7379999999999995,0.2698,5.717
13.55,5.748000000000001,0.2592,5.72
13.56,5.758000000000001,0.2516,5.722
13.57,5.768000000000001,0.2469,5.725
13.58,5.7780000000000005,0.2453,5.727
13.59,5.788,0.2467,5.73
13.6,5.798,0.251,5.732
13.61,5.808,0.258,5.735
13.62,5.818,0.2675,5.738
13.63,5.828000000000001,0.2792,5.74
13.64,5.838000000000001,0.2928,5.743
13.65,5.848000000000001,0.3079,5.746
13.66,5.8580000000000005,0.324,5.75
13.67,5.868,0.3408,5.753
13.68,5.878,0.3577,5.757
13.69,5.888,0.3744,5.76
13.7,5.898,0.3904,5.764
13.71,5.908000000000001,0.4053,5.768
13.72,5.918000000000001,0.4186,5.772
13.73,5.928000000000001,0.43,5.777
13.74,5.938000000000001,0.4392,5.781
13.75,5.948,0.4459,5.786
13.76,5.958,0.4499,5.79
13.77,5.968,0.4512,5.795
13.78,5.978,0.4496,5.799
13.79,5.9879999999999995,0.4451,5.804
13.8,5.998000000000001,0.4378,5.808
13.81,6.008000000000001,0.4279,5.812
13.82,6.018000000000001,0.4156,5.816
13.83,6.0280000000000005,0.401,5.82
13.84,6.038,0.3845,5.824
13.85,6.048,0.3663,5.828
13.86,6.058,0.3469,5.831
13.87,6.068,0.3264,5.835
13.88,6.078000000000001,0.3053,5.838
13.89,6.088000000000001,0.2838,5.841
13.9,6.098000000000001,0.2623,5.843
13.91,6.1080000000000005,0.241,5.846
13.92,6.118,0.2202,5.848
13.93,6.128,0.2001,5.85
13.94,6.138,0.181,5.852
13.95,6.148,0.1629,5.853
13.96,6.158000000000001,0.146,5.855
13.97,6.168000000000001,0.1304,5.856
13.98,6.178000000000001,0.1162,5.857
13.99,6.188000000000001,0.1036,5.858
14.0,6.198,0.09243,5.859
14.01,6.208,0.08289,5.86
14.02,6.218,0.07496,5.861
14.03,6.228,0.0687,5.861
14.04,6.2379999999999995,0.06412,5.862
14.05,6.248000000000001,0.06127,5.863
14.06,6.258000000000001,0.06017,5.863
14.07,6.268000000000001,0.06086,5.864
14.08,6.2780000000000005,0.06339,5.864
14.09,6.288,0.06782,5.865
14.1,6.298,0.0742,5.866
14.11,6.308,0.0826,5.867
14.12,6.318,0.0931,5.868
14.13,6.328000000000001,0.1058,5.869
14.14,6.338000000000001,0.1207,5.87
14.15,6.348000000000001,0.1381,5.871
14.16,6.3580000000000005,0.1579,5.873
14.17,6.368,0.1804,5.875
14.18,6.378,0.2056,5.877
14.19,6.388,0.2337,5.879
14.2,6.398,0.2648,5.882
14.21,6.408000000000001,0.2991,5.885
14.22,6.418000000000001,0.3367,5.888
14.23,6.428000000000001,0.3777,5.892
14.24,6.438000000000001,0.4221,5.896
14.25,6.448,0.4701,5.901
14.26,6.458,0.5216,5.906
14.27,6.468,0.5765,5.912
14.28,6.478,0.6348,5.918
14.29,6.4879999999999995,0.696,5.925
14.3,6.498000000000001,0.76,5.933
14.31,6.508000000000001,0.8262,5.941
14.32,6.518000000000001,0.8941,5.95
14.33,6.5280000000000005,0.9629,5.959
14.34,6.538,1.032,5.97
14.35,6.548,1.1,5.981
14.36,6.558,1.166,5.992
14.37,6.568,1.23,6.005
14.38,6.578000000000001,1.29,6.018
14.39,6.588000000000001,1.344,6.031
14.4,6.598000000000001,1.392,6.045
14.41,6.6080000000000005,1.434,6.059
14.42,6.618,1.467,6.074
14.43,6.628,1.492,6.089
14.44,6.638,1.507,6.104
14.45,6.648,1.513,6.119
14.46,6.658000000000001,1.509,6.134
14.47,6.668000000000001,1.496,6.149
14.48,6.678000000000001,1.473,6.164
14.49,6.688000000000001,1.442,6.178
14.5,6.698,1.404,6.192
14.51,6.708,1.358,6.206
14.52,6.718,1.307,6.219
14.53,6.728,1.252,6.232
14.54,6.7379999999999995,1.194,6.244
14.55,6.748000000000001,1.134,6.255
14.56,6.758000000000001,1.073,6.266
14.57,6.768000000000001,1.014,6.276
14.58,6.7780000000000005,0.956,6.285
14.59,6.788,0.9013,6.294
14.6,6.798,0.8504,6.303
14.61,6.808,0.804,6.311
14.62,6.818,0.7626,6.318
14.63,6.828000000000001,0.7265,6.326
14.64,6.838000000000001,0.6959,6.333
14.65,6.848000000000001,0.6705,6.339
14.66,6.8580000000000005,0.6503,6.346
14.67,6.868,0.6349,6.352
14.68,6.878,0.6238,6.358
14.69,6.888,0.6165,6.365
14.7,6.898,0.6123,6.371
14.71,6.908000000000001,0.6107,6.377
14.72,6.918000000000001,0.6108,6.383
14.73,6.928000000000001,0.6122,6.389
14.74,6.938000000000001,0.6141,6.395
14.75,6.948,0.6159,6.401
14.76,6.958,0.617,6.408
14.77,6.968,0.6171,6.414
14.78,6.978,0.6157,6.42
14.79,6.9879999999999995,0.6123,6.426
14.8,6.998000000000001,0.6069,6.432
14.81,7.008000000000001,0.599,6.438
14.82,7.018000000000001,0.5887,6.444
14.83,7.0280000000000005,0.5758,6.45
14.84,7.038,0.5604,6.455
14.85,7.048,0.5426,6.461
14.86,7.058,0.5224,6.466
14.87,7.068,0.5002,6.471
14.88,7.078000000000001,0.476,6.476
14.89,7.088000000000001,0.4503,6.48
14.9,7.098000000000001,0.4232,6.484
14.91,7.1080000000000005,0.3953,6.488
14.92,7.118,0.3667,6.492
14.93,7.128,0.338,6.495
14.94,7.138,0.3094,6.499
14.95,7.148,0.2812,6.501
14.96,7.158000000000001,0.2539,6.504
14.97,7.168000000000001,0.2277,6.506
14.98,7.178000000000001,0.2028,6.508
14.99,7.188000000000001,0.1796,6.51
15.0,7.198,0.1581,6.512
15.01,7.208,0.1386,6.513
15.02,7.218,0.1211,6.514
15.03,7.228,0.1057,6.515
15.04,7.2379999999999995,0.09257,6.516
15.05,7.248000000000001,0.08165,6.517
15.06,7.258000000000001,0.07298,6.518
15.07,7.268000000000001,0.06657,6.518
15.08,7.2780000000000005,0.06243,6.519
15.09,7.288,0.06057,6.52
15.1,7.298,0.061,6.52
15.11,7.308,0.06372,6.521
15.12,7.318,0.06876,6.522
15.13,7.328000000000001,0.07614,6.522
15.14,7.338000000000001,0.08587,6.523
15.15,7.348000000000001,0.09798,6.524
15.16,7.3580000000000005,0.1125,6.525
15.17,7.368,0.1294,6.527
15.18,7.378,0.1486,6.528
15.19,7.388,0.1701,6.53
15.2,7.398,0.1939,6.532
15.21,7.408000000000001,0.2197,6.534
15.22,7.418000000000001,0.2474,6.536
15.23,7.428000000000001,0.2768,6.539
15.24,7.438000000000001,0.3076,6.542
15.25,7.448,0.3396,6.546
15.26,7.458,0.3722,6.549
15.27,7.468,0.4052,6.553
15.28,7.478,0.4381,6.558
15.29,7.4879999999999995,0.4705,6.562
15.3,7.498000000000001,0.5018,6.568
15.31,7.508000000000001,0.5317,6.573
15.32,7.518000000000001,0.5596,6.578
15.33,7.5280000000000005,0.5852,6.584
15.34,7.538,0.608,6.59
15.35,7.548,0.6278,6.597
15.36,7.558,0.6441,6.603
15.37,7.568,0.6569,6.61
15.38,7.578000000000001,0.6659,6.616
15.39,7.588000000000001,0.6711,6.623
15.4,7.598000000000001,0.6725,6.63
15.41,7.6080000000000005,0.6702,6.636
15.42,7.618,0.6644,6.643
15.43,7.628,0.6553,6.65
15.44,7.638,0.6433,6.656
15.45,7.648,0.6287,6.662
15.46,7.658000000000001,0.612,6.668
15.47,7.668000000000001,0.5936,6.674
15.48,7.678000000000001,0.5741,6.68
15.49,7.688000000000001,0.5539,6.686
15.5,7.698,0.5335,6.691
15.51,7.708,0.5135,6.696
15.52,7.718,0.4943,6.701
15.53,7.728,0.4763,6.706
15.54,7.7379999999999995,0.4598,6.71
15.55,7.748000000000001,0.4452,6.715
15.56,7.758000000000001,0.4326,6.719
15.57,7.768000000000001,0.4221,6.723
15.58,7.7780000000000005,0.4138,6.728
15.59,7.788,0.4075,6.732
15.6,7.798,0.4032,6.736
15.61,7.808,0.4006,6.74
15.62,7.818,0.3993,6.744
15.63,7.828000000000001,0.3991,6.748
15.64,7.838000000000001,0.3994,6.752
15.65,7.848000000000001,0.3999,6.756
15.66,7.8580000000000005,0.4002,6.76
15.67,7.868,0.3997,6.764
15.68,7.878,0.3982,6.768
15.69,7.888,0.3952,6.772
15.7,7.898,0.3905,6.776
15.71,7.908000000000001,0.3838,6.779
15.72,7.918000000000001,0.3752,6.783
15.73,7.928000000000001,0.3644,6.787
15.74,7.938000000000001,0.3515,6.79
15.75,7.948,0.3367,6.794
15.76,7.958,0.3202,6.797
15.77,7.968,0.3022,6.8
15.78,7.978,0.283,6.803
15.79,7.9879999999999995,0.263,6.805
15.8,7.998000000000001,0.2425,6.808
15.81,8.008000000000001,0.2219,6.81
15.82,8.018,0.2015,6.812
15.83,8.028,0.1816,6.814
15.84,8.038,0.1626,6.815
15.85,8.048,0.1447,6.817
15.86,8.058,0.1281,6.818
15.87,8.068,0.113,6.819
15.88,8.078000000000001,0.09958,6.82
15.89,8.088000000000001,0.08787,6.821
15.9,8.098,0.07794,6.822
15.91,8.108,0.06981,6.823
15.92,8.118,0.06347,6.823
15.93,8.128,0.05889,6.824
15.94,8.138,0.056,6.824
15.95,8.148,0.05474,6.825
15.96,8.158000000000001,0.05503,6.826
15.97,8.168000000000001,0.05678,6.826
15.98,8.178,0.05989,6.827
15.99,8.188,0.06427,6.827
16.0,8.198,0.06982,6.828
