index,distance_fractional,kx_fractional,ky_fractional,kz_fractional,band_1_ev,band_2_ev,band_3_ev,band_4_ev,band_5_ev,band_6_ev,band_7_ev,band_8_ev
0,0.000000000000,0.000000000000,0.000000000000,0.000000000000,-21.910000000000,-9.994000000000,-5.374000000000,-5.374000000000,0.854000000000,1.522000000000,1.651000000000,2.662000000000
1,0.016666710683,0.008333000000,0.014434000000,0.000000000000,-21.905000000000,-9.988000000000,-5.394000000000,-5.385000000000,0.861000000000,1.529000000000,1.658000000000,2.669000000000
2,0.033333921368,0.016667000000,0.028868000000,0.000000000000,-21.891000000000,-9.970000000000,-5.455000000000,-5.417000000000,0.881000000000,1.550000000000,1.678000000000,2.689000000000
3,0.049999766021,0.025000000000,0.043301000000,0.000000000000,-21.866000000000,-9.941000000000,-5.555000000000,-5.472000000000,0.915000000000,1.584000000000,1.713000000000,2.723000000000
4,0.066666476704,0.033333000000,0.057735000000,0.000000000000,-21.831000000000,-9.899000000000,-5.691000000000,-5.547000000000,0.962000000000,1.632000000000,1.761000000000,2.771000000000
5,0.083333687389,0.041667000000,0.072169000000,0.000000000000,-21.787000000000,-9.846000000000,-5.860000000000,-5.643000000000,1.022000000000,1.693000000000,1.823000000000,2.832000000000
6,0.100000398072,0.050000000000,0.086603000000,0.000000000000,-21.733000000000,-9.781000000000,-6.058000000000,-5.759000000000,1.096000000000,1.768000000000,1.898000000000,2.907000000000
7,0.116666242725,0.058333000000,0.101036000000,0.000000000000,-21.668000000000,-9.704000000000,-6.281000000000,-5.894000000000,1.184000000000,1.857000000000,1.988000000000,2.995000000000
8,0.133333453409,0.066667000000,0.115470000000,0.000000000000,-21.595000000000,-9.616000000000,-6.525000000000,-6.046000000000,1.285000000000,1.959000000000,2.091000000000,3.098000000000
9,0.150000164093,0.075000000000,0.129904000000,0.000000000000,-21.511000000000,-9.516000000000,-6.787000000000,-6.214000000000,1.400000000000,2.075000000000,2.208000000000,3.213000000000
10,0.166666874776,0.083333000000,0.144338000000,0.000000000000,-21.417000000000,-9.405000000000,-7.064000000000,-6.397000000000,1.528000000000,2.205000000000,2.338000000000,3.342000000000
11,0.183333219456,0.091667000000,0.158771000000,0.000000000000,-21.314000000000,-9.282000000000,-7.351000000000,-6.595000000000,1.669000000000,2.348000000000,2.483000000000,3.485000000000
12,0.199999930139,0.100000000000,0.173205000000,0.000000000000,-21.201000000000,-9.148000000000,-7.648000000000,-6.805000000000,1.824000000000,2.505000000000,2.641000000000,3.641000000000
13,0.216666640823,0.108333000000,0.187639000000,0.000000000000,-21.079000000000,-9.003000000000,-7.950000000000,-7.026000000000,1.992000000000,2.675000000000,2.813000000000,3.811000000000
14,0.233333851507,0.116667000000,0.202073000000,0.000000000000,-20.947000000000,-8.847000000000,-8.258000000000,-7.256000000000,2.174000000000,2.859000000000,2.998000000000,3.994000000000
15,0.249999696160,0.125000000000,0.216506000000,0.000000000000,-20.805000000000,-8.680000000000,-8.568000000000,-7.496000000000,2.369000000000,3.056000000000,3.198000000000,4.190000000000
16,0.266666406843,0.133333000000,0.230940000000,0.000000000000,-20.654000000000,-8.879000000000,-8.503000000000,-7.742000000000,2.578000000000,3.267000000000,3.411000000000,4.400000000000
17,0.283333617528,0.141667000000,0.245374000000,0.000000000000,-20.493000000000,-9.190000000000,-8.315000000000,-7.994000000000,2.800000000000,3.491000000000,3.638000000000,4.623000000000
18,0.300000328211,0.150000000000,0.259808000000,0.000000000000,-20.324000000000,-9.500000000000,-8.251000000000,-8.116000000000,3.035000000000,3.728000000000,3.878000000000,4.847000000000
19,0.316666172864,0.158333000000,0.274241000000,0.000000000000,-20.145000000000,-9.808000000000,-8.511000000000,-7.908000000000,3.283000000000,3.979000000000,4.133000000000,4.473000000000
20,0.333333383549,0.166667000000,0.288675000000,0.000000000000,-19.956000000000,-10.113000000000,-8.774000000000,-7.690000000000,3.545000000000,4.098000000000,4.242000000000,4.401000000000
21,0.350000094232,0.175000000000,0.303109000000,0.000000000000,-19.759000000000,-10.415000000000,-9.038000000000,-7.463000000000,3.723000000000,3.820000000000,4.519000000000,4.683000000000
22,0.366666804915,0.183333000000,0.317543000000,0.000000000000,-19.553000000000,-10.712000000000,-9.303000000000,-7.227000000000,3.350000000000,4.108000000000,4.808000000000,4.978000000000
23,0.383333149595,0.191667000000,0.331976000000,0.000000000000,-19.338000000000,-11.004000000000,-9.567000000000,-6.982000000000,2.978000000000,4.409000000000,5.109000000000,5.287000000000
24,0.399999860279,0.200000000000,0.346410000000,0.000000000000,-19.115000000000,-11.291000000000,-9.829000000000,-6.730000000000,2.610000000000,4.723000000000,5.423000000000,5.610000000000
25,0.416666570962,0.208333000000,0.360844000000,0.000000000000,-18.883000000000,-11.573000000000,-10.090000000000,-6.469000000000,2.246000000000,5.049000000000,5.748000000000,5.947000000000
26,0.433333781646,0.216667000000,0.375278000000,0.000000000000,-18.643000000000,-11.848000000000,-10.347000000000,-6.202000000000,1.887000000000,5.389000000000,6.083000000000,6.297000000000
27,0.449999626300,0.225000000000,0.389711000000,0.000000000000,-18.396000000000,-12.117000000000,-10.600000000000,-5.929000000000,1.534000000000,5.740000000000,6.427000000000,6.661000000000
28,0.466666336983,0.233333000000,0.404145000000,0.000000000000,-18.141000000000,-12.380000000000,-10.849000000000,-5.650000000000,1.187000000000,6.104000000000,6.778000000000,7.039000000000
29,0.483333547667,0.241667000000,0.418579000000,0.000000000000,-17.879000000000,-12.636000000000,-11.093000000000,-5.367000000000,0.846000000000,6.479000000000,7.131000000000,7.430000000000
30,0.500000258351,0.250000000000,0.433013000000,0.000000000000,-17.610000000000,-12.884000000000,-11.330000000000,-5.080000000000,0.514000000000,6.866000000000,7.479000000000,7.835000000000
31,0.516666103004,0.258333000000,0.447446000000,0.000000000000,-17.335000000000,-13.126000000000,-11.560000000000,-4.790000000000,0.189000000000,7.263000000000,7.808000000000,8.253000000000
32,0.533333313688,0.266667000000,0.461880000000,0.000000000000,-17.056000000000,-13.360000000000,-11.782000000000,-4.499000000000,-0.128000000000,7.670000000000,8.093000000000,8.685000000000
33,0.550000024371,0.275000000000,0.476314000000,0.000000000000,-16.772000000000,-13.587000000000,-11.995000000000,-4.209000000000,-0.436000000000,8.085000000000,8.299000000000,9.129000000000
34,0.566666735055,0.283333000000,0.490748000000,0.000000000000,-16.486000000000,-13.806000000000,-12.196000000000,-3.920000000000,-0.735000000000,8.408000000000,8.506000000000,9.587000000000
35,0.583333079735,0.291667000000,0.505181000000,0.000000000000,-16.200000000000,-14.017000000000,-12.385000000000,-3.634000000000,-1.024000000000,8.437000000000,8.930000000000,10.057000000000
36,0.599999790418,0.300000000000,0.519615000000,0.000000000000,-15.917000000000,-14.220000000000,-12.557000000000,-3.354000000000,-1.304000000000,8.419000000000,9.350000000000,10.537000000000
37,0.616666501101,0.308333000000,0.534049000000,0.000000000000,-15.642000000000,-14.416000000000,-12.708000000000,-3.080000000000,-1.574000000000,8.382000000000,9.757000000000,10.762000000000
38,0.633333711786,0.316667000000,0.548483000000,0.000000000000,-15.382000000000,-14.603000000000,-12.831000000000,-2.815000000000,-1.833000000000,8.344000000000,10.130000000000,10.735000000000
39,0.650000422469,0.325000000000,0.562917000000,0.000000000000,-15.148000000000,-14.783000000000,-12.916000000000,-2.562000000000,-2.083000000000,8.316000000000,10.431000000000,10.681000000000
40,0.666666267122,0.333333000000,0.577350000000,0.000000000000,-14.954000000000,-14.954000000000,-12.948000000000,-2.321000000000,-2.321000000000,8.306000000000,10.602000000000,10.602000000000
41,0.674999872464,0.337500000000,0.570133000000,0.000000000000,-15.037000000000,-14.878000000000,-12.939000000000,-2.437000000000,-2.207000000000,8.309000000000,10.554000000000,10.628000000000
42,0.683332611810,0.341667000000,0.562917000000,0.000000000000,-15.118000000000,-14.818000000000,-12.912000000000,-2.549000000000,-2.096000000000,8.317000000000,10.502000000000,10.619000000000
43,0.691665717173,0.345833000000,0.555700000000,0.000000000000,-15.196000000000,-14.774000000000,-12.865000000000,-2.659000000000,-1.989000000000,8.332000000000,10.445000000000,10.584000000000
44,0.699999322516,0.350000000000,0.548483000000,0.000000000000,-15.273000000000,-14.746000000000,-12.800000000000,-2.766000000000,-1.886000000000,8.353000000000,10.385000000000,10.530000000000
45,0.708332927858,0.354167000000,0.541266000000,0.000000000000,-15.347000000000,-14.733000000000,-12.717000000000,-2.871000000000,-1.788000000000,8.380000000000,10.322000000000,10.462000000000
46,0.716666033221,0.358333000000,0.534049000000,0.000000000000,-15.420000000000,-14.732000000000,-12.619000000000,-2.973000000000,-1.695000000000,8.414000000000,10.256000000000,10.380000000000
47,0.724999638564,0.362500000000,0.526832000000,0.000000000000,-15.490000000000,-14.743000000000,-12.507000000000,-3.071000000000,-1.606000000000,8.454000000000,10.189000000000,10.283000000000
48,0.733333243906,0.366667000000,0.519615000000,0.000000000000,-15.558000000000,-14.763000000000,-12.385000000000,-3.167000000000,-1.522000000000,8.500000000000,10.121000000000,10.167000000000
49,0.741666349269,0.370833000000,0.512398000000,0.000000000000,-15.625000000000,-14.789000000000,-12.254000000000,-3.261000000000,-1.442000000000,8.551000000000,10.027000000000,10.052000000000
50,0.749999954612,0.375000000000,0.505181000000,0.000000000000,-15.689000000000,-14.821000000000,-12.116000000000,-3.351000000000,-1.368000000000,8.608000000000,9.861000000000,9.982000000000
51,0.758332693957,0.379167000000,0.497965000000,0.000000000000,-15.751000000000,-14.856000000000,-11.972000000000,-3.439000000000,-1.298000000000,8.669000000000,9.672000000000,9.913000000000
52,0.766665799321,0.383333000000,0.490748000000,0.000000000000,-15.811000000000,-14.894000000000,-11.824000000000,-3.523000000000,-1.232000000000,8.734000000000,9.469000000000,9.845000000000
53,0.774999404663,0.387500000000,0.483531000000,0.000000000000,-15.869000000000,-14.934000000000,-11.673000000000,-3.605000000000,-1.172000000000,8.803000000000,9.254000000000,9.777000000000
54,0.783333010005,0.391667000000,0.476314000000,0.000000000000,-15.924000000000,-14.975000000000,-11.521000000000,-3.684000000000,-1.116000000000,8.874000000000,9.034000000000,9.711000000000
55,0.791666115369,0.395833000000,0.469097000000,0.000000000000,-15.978000000000,-15.016000000000,-11.366000000000,-3.760000000000,-1.064000000000,8.809000000000,8.947000000000,9.645000000000
56,0.799999720711,0.400000000000,0.461880000000,0.000000000000,-16.030000000000,-15.058000000000,-11.212000000000,-3.833000000000,-1.016000000000,8.583000000000,9.020000000000,9.581000000000
57,0.808333326053,0.404167000000,0.454663000000,0.000000000000,-16.079000000000,-15.099000000000,-11.057000000000,-3.903000000000,-0.972000000000,8.357000000000,9.092000000000,9.519000000000
58,0.816666431417,0.408333000000,0.447446000000,0.000000000000,-16.127000000000,-15.139000000000,-10.903000000000,-3.971000000000,-0.932000000000,8.132000000000,9.162000000000,9.459000000000
59,0.824999170762,0.412500000000,0.440230000000,0.000000000000,-16.172000000000,-15.179000000000,-10.750000000000,-4.035000000000,-0.896000000000,7.910000000000,9.229000000000,9.401000000000
60,0.833332776104,0.416667000000,0.433013000000,0.000000000000,-16.215000000000,-15.217000000000,-10.599000000000,-4.096000000000,-0.863000000000,7.690000000000,9.291000000000,9.345000000000
61,0.841665881468,0.420833000000,0.425796000000,0.000000000000,-16.256000000000,-15.254000000000,-10.450000000000,-4.155000000000,-0.834000000000,7.475000000000,9.291000000000,9.348000000000
62,0.849999486810,0.425000000000,0.418579000000,0.000000000000,-16.296000000000,-15.290000000000,-10.305000000000,-4.210000000000,-0.807000000000,7.265000000000,9.240000000000,9.399000000000
63,0.858333092152,0.429167000000,0.411362000000,0.000000000000,-16.332000000000,-15.324000000000,-10.162000000000,-4.263000000000,-0.783000000000,7.061000000000,9.191000000000,9.364000000000
64,0.866666197516,0.433333000000,0.404145000000,0.000000000000,-16.367000000000,-15.357000000000,-10.024000000000,-4.312000000000,-0.762000000000,6.864000000000,9.144000000000,9.314000000000
65,0.874999802858,0.437500000000,0.396928000000,0.000000000000,-16.400000000000,-15.388000000000,-9.889000000000,-4.359000000000,-0.743000000000,6.673000000000,9.100000000000,9.266000000000
66,0.883333408200,0.441667000000,0.389711000000,0.000000000000,-16.431000000000,-15.417000000000,-9.760000000000,-4.403000000000,-0.726000000000,6.491000000000,9.059000000000,9.222000000000
67,0.891665647515,0.445833000000,0.382495000000,0.000000000000,-16.459000000000,-15.444000000000,-9.637000000000,-4.443000000000,-0.711000000000,6.318000000000,9.020000000000,9.180000000000
68,0.899999252858,0.450000000000,0.375278000000,0.000000000000,-16.486000000000,-15.470000000000,-9.519000000000,-4.481000000000,-0.699000000000,6.153000000000,8.984000000000,9.142000000000
69,0.908332858200,0.454167000000,0.368061000000,0.000000000000,-16.510000000000,-15.494000000000,-9.409000000000,-4.515000000000,-0.687000000000,5.999000000000,8.951000000000,9.106000000000
70,0.916665963563,0.458333000000,0.360844000000,0.000000000000,-16.532000000000,-15.515000000000,-9.305000000000,-4.547000000000,-0.678000000000,5.856000000000,8.921000000000,9.074000000000
71,0.924999568906,0.462500000000,0.353627000000,0.000000000000,-16.552000000000,-15.535000000000,-9.210000000000,-4.576000000000,-0.669000000000,5.724000000000,8.893000000000,9.044000000000
72,0.933333174248,0.466667000000,0.346410000000,0.000000000000,-16.570000000000,-15.553000000000,-9.122000000000,-4.601000000000,-0.662000000000,5.604000000000,8.868000000000,9.018000000000
73,0.941666279611,0.470833000000,0.339193000000,0.000000000000,-16.586000000000,-15.569000000000,-9.044000000000,-4.624000000000,-0.656000000000,5.497000000000,8.846000000000,8.994000000000
74,0.949999884954,0.475000000000,0.331976000000,0.000000000000,-16.600000000000,-15.582000000000,-8.975000000000,-4.644000000000,-0.651000000000,5.403000000000,8.827000000000,8.974000000000
75,0.958332624299,0.479167000000,0.324760000000,0.000000000000,-16.611000000000,-15.594000000000,-8.915000000000,-4.660000000000,-0.647000000000,5.322000000000,8.811000000000,8.957000000000
76,0.966665729663,0.483333000000,0.317543000000,0.000000000000,-16.621000000000,-15.603000000000,-8.866000000000,-4.674000000000,-0.644000000000,5.255000000000,8.798000000000,8.943000000000
77,0.974999335005,0.487500000000,0.310326000000,0.000000000000,-16.628000000000,-15.611000000000,-8.828000000000,-4.684000000000,-0.641000000000,5.203000000000,8.788000000000,8.932000000000
78,0.983332940347,0.491667000000,0.303109000000,0.000000000000,-16.633000000000,-15.616000000000,-8.800000000000,-4.692000000000,-0.639000000000,5.166000000000,8.780000000000,8.924000000000
79,0.991666045711,0.495833000000,0.295892000000,0.000000000000,-16.637000000000,-15.619000000000,-8.783000000000,-4.696000000000,-0.638000000000,5.143000000000,8.776000000000,8.919000000000
80,0.999999651053,0.500000000000,0.288675000000,0.000000000000,-16.638000000000,-15.620000000000,-8.778000000000,-4.698000000000,-0.638000000000,5.136000000000,8.775000000000,8.918000000000
81,1.014433468600,0.487500000000,0.281458000000,0.000000000000,-16.705000000000,-15.547000000000,-8.774000000000,-4.722000000000,-0.608000000000,5.137000000000,8.457000000000,9.234000000000
82,1.028867286148,0.475000000000,0.274241000000,0.000000000000,-16.869000000000,-15.366000000000,-8.763000000000,-4.794000000000,-0.519000000000,5.143000000000,8.085000000000,8.857000000000
83,1.043301103696,0.462500000000,0.267024000000,0.000000000000,-17.077000000000,-15.131000000000,-8.744000000000,-4.906000000000,-0.377000000000,5.152000000000,7.718000000000,8.486000000000
84,1.057734421263,0.450000000000,0.259808000000,0.000000000000,-17.302000000000,-14.868000000000,-8.719000000000,-5.052000000000,-0.191000000000,5.165000000000,7.360000000000,8.122000000000
85,1.072168238811,0.437500000000,0.252591000000,0.000000000000,-17.531000000000,-14.589000000000,-8.686000000000,-5.224000000000,0.033000000000,5.181000000000,7.011000000000,7.766000000000
86,1.086602056359,0.425000000000,0.245374000000,0.000000000000,-17.761000000000,-14.299000000000,-8.645000000000,-5.414000000000,0.286000000000,5.199000000000,6.671000000000,7.420000000000
87,1.101035873906,0.412500000000,0.238157000000,0.000000000000,-17.989000000000,-14.000000000000,-8.598000000000,-5.617000000000,0.562000000000,5.221000000000,6.342000000000,7.082000000000
88,1.115469691454,0.400000000000,0.230940000000,0.000000000000,-18.213000000000,-13.695000000000,-8.543000000000,-5.828000000000,0.858000000000,5.242000000000,6.024000000000,6.754000000000
89,1.129903509002,0.387500000000,0.223723000000,0.000000000000,-18.432000000000,-13.384000000000,-8.482000000000,-6.044000000000,1.168000000000,5.259000000000,5.723000000000,6.436000000000
90,1.144337326549,0.375000000000,0.216506000000,0.000000000000,-18.646000000000,-13.069000000000,-8.413000000000,-6.262000000000,1.490000000000,5.235000000000,5.476000000000,6.127000000000
91,1.158771144097,0.362500000000,0.209289000000,0.000000000000,-18.854000000000,-12.749000000000,-8.338000000000,-6.480000000000,1.821000000000,5.049000000000,5.403000000000,5.828000000000
92,1.173204461664,0.350000000000,0.202073000000,0.000000000000,-19.056000000000,-12.426000000000,-8.257000000000,-6.696000000000,2.159000000000,4.785000000000,5.416000000000,5.540000000000
93,1.187638279212,0.337500000000,0.194856000000,0.000000000000,-19.252000000000,-12.100000000000,-8.169000000000,-6.909000000000,2.502000000000,4.516000000000,5.261000000000,5.380000000000
94,1.202072096760,0.325000000000,0.187639000000,0.000000000000,-19.442000000000,-11.771000000000,-8.075000000000,-7.118000000000,2.848000000000,4.254000000000,4.994000000000,5.131000000000
95,1.216505914307,0.312500000000,0.180422000000,0.000000000000,-19.625000000000,-11.440000000000,-7.975000000000,-7.323000000000,3.194000000000,4.000000000000,4.738000000000,4.871000000000
96,1.230939731855,0.300000000000,0.173205000000,0.000000000000,-19.802000000000,-11.108000000000,-7.870000000000,-7.522000000000,3.536000000000,3.755000000000,4.497000000000,4.619000000000
97,1.245373549403,0.287500000000,0.165988000000,0.000000000000,-19.971000000000,-10.775000000000,-7.759000000000,-7.715000000000,3.520000000000,3.852000000000,4.290000000000,4.377000000000
98,1.259807366951,0.275000000000,0.158771000000,0.000000000000,-20.134000000000,-10.441000000000,-7.902000000000,-7.644000000000,3.294000000000,3.936000000000,4.146000000000,4.319000000000
99,1.274241184498,0.262500000000,0.151554000000,0.000000000000,-20.291000000000,-10.109000000000,-8.082000000000,-7.524000000000,3.078000000000,3.758000000000,3.924000000000,4.593000000000
100,1.288674502066,0.250000000000,0.144338000000,0.000000000000,-20.440000000000,-9.777000000000,-8.255000000000,-7.400000000000,2.872000000000,3.559000000000,3.713000000000,4.655000000000
101,1.303108319613,0.237500000000,0.137121000000,0.000000000000,-20.582000000000,-9.448000000000,-8.420000000000,-7.272000000000,2.676000000000,3.364000000000,3.512000000000,4.488000000000
102,1.317542137161,0.225000000000,0.129904000000,0.000000000000,-20.717000000000,-9.122000000000,-8.578000000000,-7.141000000000,2.489000000000,3.177000000000,3.321000000000,4.307000000000
103,1.331975954709,0.212500000000,0.122687000000,0.000000000000,-20.845000000000,-8.799000000000,-8.728000000000,-7.008000000000,2.313000000000,2.999000000000,3.141000000000,4.132000000000
104,1.346409772256,0.200000000000,0.115470000000,0.000000000000,-20.966000000000,-8.871000000000,-8.482000000000,-6.874000000000,2.146000000000,2.831000000000,2.971000000000,3.965000000000
105,1.360843589804,0.187500000000,0.108253000000,0.000000000000,-21.080000000000,-9.005000000000,-8.171000000000,-6.739000000000,1.990000000000,2.673000000000,2.811000000000,3.808000000000
106,1.375277407352,0.175000000000,0.101036000000,0.000000000000,-21.187000000000,-9.131000000000,-7.868000000000,-6.603000000000,1.844000000000,2.525000000000,2.661000000000,3.661000000000
107,1.389711224899,0.162500000000,0.093819000000,0.000000000000,-21.286000000000,-9.249000000000,-7.573000000000,-6.469000000000,1.707000000000,2.387000000000,2.522000000000,3.524000000000
108,1.404144542467,0.150000000000,0.086603000000,0.000000000000,-21.378000000000,-9.358000000000,-7.289000000000,-6.336000000000,1.581000000000,2.260000000000,2.393000000000,3.396000000000
109,1.418578360014,0.137500000000,0.079386000000,0.000000000000,-21.463000000000,-9.459000000000,-7.018000000000,-6.207000000000,1.465000000000,2.142000000000,2.275000000000,3.279000000000
110,1.433012177562,0.125000000000,0.072169000000,0.000000000000,-21.540000000000,-9.551000000000,-6.760000000000,-6.082000000000,1.359000000000,2.035000000000,2.166000000000,3.172000000000
111,1.447445995110,0.112500000000,0.064952000000,0.000000000000,-21.611000000000,-9.635000000000,-6.518000000000,-5.963000000000,1.263000000000,1.937000000000,2.068000000000,3.075000000000
112,1.461879812658,0.100000000000,0.057735000000,0.000000000000,-21.673000000000,-9.710000000000,-6.294000000000,-5.851000000000,1.177000000000,1.850000000000,1.981000000000,2.989000000000
113,1.476313630205,0.087500000000,0.050518000000,0.000000000000,-21.729000000000,-9.777000000000,-6.090000000000,-5.747000000000,1.102000000000,1.773000000000,1.903000000000,2.912000000000
114,1.490747447753,0.075000000000,0.043301000000,0.000000000000,-21.777000000000,-9.834000000000,-5.907000000000,-5.654000000000,1.036000000000,1.707000000000,1.836000000000,2.846000000000
115,1.505181265301,0.062500000000,0.036084000000,0.000000000000,-21.818000000000,-9.883000000000,-5.749000000000,-5.571000000000,0.980000000000,1.651000000000,1.780000000000,2.790000000000
116,1.519614582868,0.050000000000,0.028868000000,0.000000000000,-21.851000000000,-9.923000000000,-5.616000000000,-5.502000000000,0.935000000000,1.604000000000,1.733000000000,2.744000000000
117,1.534048400416,0.037500000000,0.021651000000,0.000000000000,-21.877000000000,-9.954000000000,-5.511000000000,-5.447000000000,0.899000000000,1.569000000000,1.697000000000,2.708000000000
118,1.548482217963,0.025000000000,0.014434000000,0.000000000000,-21.896000000000,-9.976000000000,-5.435000000000,-5.406000000000,0.874000000000,1.543000000000,1.671000000000,2.682000000000
119,1.562916035511,0.012500000000,0.007217000000,0.000000000000,-21.907000000000,-9.989000000000,-5.389000000000,-5.382000000000,0.859000000000,1.528000000000,1.656000000000,2.667000000000
120,1.577349853059,0.000000000000,0.000000000000,0.000000000000,-21.910000000000,-9.994000000000,-5.374000000000,-5.374000000000,0.854000000000,1.522000000000,1.651000000000,2.662000000000
