index,kx,ky,kz,band_1_eV,band_2_eV,band_3_eV,band_4_eV,band_5_eV,band_6_eV,band_7_eV,band_8_eV
1,0.0,0.0,0.0,-5.758,6.205,6.205,6.205,8.768,8.768,8.768,9.567
2,0.088388,0.088388,-0.088388,-5.554,4.606,5.916,5.916,8.707,9.193,9.193,10.915
3,0.176777,0.176777,-0.176777,-4.958,2.277,5.445,5.445,8.234,9.712,9.712,13.124
4,0.265165,0.265165,-0.265165,-4.065,0.256,5.117,5.117,7.871,9.658,9.658,14.094
5,-0.353553,-0.353553,0.353553,-3.427,-0.767,5.006,5.006,7.743,9.547,9.547,13.941
6,0.088388,-0.088388,0.088388,-5.554,4.606,5.916,5.916,8.707,9.193,9.193,10.915
7,0.176777,0.0,0.0,-5.485,4.871,5.398,5.398,8.217,9.909,9.909,10.601
8,0.265165,0.088388,-0.088388,-5.016,2.98,4.886,4.962,8.354,9.913,10.675,10.961
9,0.353553,0.176777,-0.176777,-4.201,0.919,4.37,4.617,8.454,9.848,10.672,11.678
10,-0.265165,-0.441942,0.441942,-3.34,-0.545,3.924,4.642,8.4,9.722,10.308,13.579
11,-0.176777,-0.353553,0.353553,-3.585,-0.174,3.743,4.939,8.566,9.831,10.076,14.124
12,-0.088388,-0.265165,0.265165,-4.508,1.578,3.893,5.431,8.925,9.883,10.065,12.507
13,0.0,-0.176777,0.176777,-5.218,3.52,4.576,5.912,9.247,9.329,9.567,11.755
14,0.176777,-0.176777,0.176777,-4.958,2.277,5.445,5.445,8.234,9.712,9.712,13.124
15,0.265165,-0.088388,0.088388,-5.016,2.98,4.886,4.962,8.354,9.913,10.675,10.961
16,0.353553,0.0,0.0,-4.676,2.687,4.314,4.314,7.337,9.342,11.964,11.964
17,0.441942,0.088388,-0.088388,-3.966,1.263,3.533,3.996,7.558,9.103,12.205,12.477
18,-0.176777,-0.53033,0.53033,-3.04,-0.179,2.67,3.999,7.727,10.658,11.952,12.127
19,-0.088388,-0.441942,0.441942,-2.836,-0.438,2.211,4.317,8.052,11.674,11.688,13.168
20,0.0,-0.353553,0.353553,-3.714,0.723,2.451,4.876,8.657,10.995,11.343,12.353
21,0.088388,-0.265165,0.265165,-4.508,1.578,3.893,5.431,8.925,9.883,10.065,12.507
22,0.265165,-0.265165,0.265165,-4.065,0.256,5.117,5.117,7.871,9.658,9.658,14.094
23,0.353553,-0.176777,0.176777,-4.201,0.919,4.37,4.617,8.454,9.848,10.672,11.678
24,0.441942,-0.088388,0.088388,-3.966,1.263,3.533,3.996,7.558,9.103,12.205,12.477
25,0.53033,0.0,0.0,-3.364,0.458,3.597,3.597,6.822,7.748,14.247,14.247
26,-0.088388,-0.618718,0.618718,-2.466,-0.627,2.768,3.521,7.102,8.175,14.473,14.561
27,0.0,-0.53033,0.53033,-2.027,-1.024,1.902,3.779,7.412,10.337,13.675,14.223
28,0.088388,-0.441942,0.441942,-2.836,-0.438,2.211,4.317,8.052,11.674,11.688,13.168
29,0.176777,-0.353553,0.353553,-3.585,-0.174,3.743,4.939,8.566,9.831,10.076,14.124
30,-0.353553,0.353553,-0.353553,-3.427,-0.767,5.006,5.006,7.743,9.547,9.547,13.941
31,-0.265165,0.441942,-0.441942,-3.34,-0.545,3.924,4.642,8.4,9.722,10.308,13.579
32,-0.176777,0.53033,-0.53033,-3.04,-0.179,2.67,3.999,7.727,10.658,11.952,12.127
33,-0.088388,0.618718,-0.618718,-2.466,-0.627,2.768,3.521,7.102,8.175,14.473,14.561
34,-0.707107,0.0,0.0,-1.614,-1.614,3.351,3.351,6.917,6.917,16.309,16.309
35,-0.088388,0.088388,0.088388,-5.554,4.606,5.916,5.916,8.707,9.193,9.193,10.915
36,0.0,0.176777,0.0,-5.485,4.871,5.398,5.398,8.217,9.909,9.909,10.601
37,0.088388,0.265165,-0.088388,-5.016,2.98,4.886,4.962,8.354,9.913,10.675,10.961
38,0.176777,0.353553,-0.176777,-4.201,0.919,4.37,4.617,8.454,9.848,10.672,11.678
39,-0.441942,-0.265165,0.441942,-3.34,-0.545,3.924,4.642,8.4,9.722,10.308,13.579
40,-0.353553,-0.176777,0.353553,-3.585,-0.174,3.743,4.939,8.566,9.831,10.076,14.124
41,-0.265165,-0.088388,0.265165,-4.508,1.578,3.893,5.431,8.925,9.883,10.065,12.507
42,-0.176777,0.0,0.176777,-5.218,3.52,4.576,5.912,9.247,9.329,9.567,11.755
43,0.0,0.0,0.176777,-5.485,4.871,5.398,5.398,8.217,9.909,9.909,10.601
44,0.088388,0.088388,0.088388,-5.554,4.606,5.916,5.916,8.707,9.193,9.193,10.915
45,0.176777,0.176777,0.0,-5.218,3.52,4.576,5.912,9.247,9.329,9.567,11.755
46,0.265165,0.265165,-0.088388,-4.508,1.578,3.893,5.431,8.925,9.883,10.065,12.507
47,-0.353553,-0.353553,0.53033,-3.585,-0.174,3.743,4.939,8.566,9.831,10.076,14.124
48,-0.265165,-0.265165,0.441942,-3.34,-0.545,3.924,4.642,8.4,9.722,10.308,13.579
49,-0.176777,-0.176777,0.353553,-4.201,0.919,4.37,4.617,8.454,9.848,10.672,11.678
50,-0.088388,-0.088388,0.265165,-5.016,2.98,4.886,4.962,8.354,9.913,10.675,10.961
51,0.088388,-0.088388,0.265165,-5.016,2.98,4.886,4.962,8.354,9.913,10.675,10.961
52,0.176777,0.0,0.176777,-5.218,3.52,4.576,5.912,9.247,9.329,9.567,11.755
53,0.265165,0.088388,0.088388,-5.016,2.98,4.886,4.962,8.354,9.913,10.675,10.961
54,0.353553,0.176777,0.0,-4.429,1.914,3.491,4.777,8.654,10.108,10.404,11.709
55,-0.265165,-0.441942,0.618718,-3.54,0.362,2.883,4.275,9.085,9.762,11.227,12.145
56,-0.176777,-0.353553,0.53033,-2.888,-0.583,2.754,4.045,9.274,9.341,12.119,13.329
57,-0.088388,-0.265165,0.441942,-3.54,0.362,2.883,4.275,9.085,9.762,11.227,12.145
58,0.0,-0.176777,0.353553,-4.429,1.914,3.491,4.777,8.654,10.108,10.404,11.709
59,0.176777,-0.176777,0.353553,-4.201,0.919,4.37,4.617,8.454,9.848,10.672,11.678
60,0.265165,-0.088388,0.265165,-4.508,1.578,3.893,5.431,8.925,9.883,10.065,12.507
61,0.353553,-0.0,0.176777,-4.429,1.914,3.491,4.777,8.654,10.108,10.404,11.709
62,0.441942,0.088388,0.088388,-3.966,1.263,3.533,3.996,7.558,9.103,12.205,12.477
63,-0.176777,-0.53033,0.707107,-3.165,0.239,2.842,3.445,8.154,8.855,11.962,14.197
64,-0.088388,-0.441942,0.618718,-2.29,-0.729,2.143,3.244,8.596,10.49,11.484,13.647
65,0.0,-0.353553,0.53033,-2.641,-0.366,1.977,3.62,9.076,10.753,11.423,13.239
66,0.088388,-0.265165,0.441942,-3.54,0.362,2.883,4.275,9.085,9.762,11.227,12.145
67,-0.441942,0.441942,-0.265165,-3.34,-0.545,3.924,4.642,8.4,9.722,10.308,13.579
68,-0.353553,0.53033,-0.353553,-3.585,-0.174,3.743,4.939,8.566,9.831,10.076,14.124
69,-0.265165,0.618718,-0.441942,-3.54,0.362,2.883,4.275,9.085,9.762,11.227,12.145
70,-0.176777,0.707107,-0.53033,-3.165,0.239,2.842,3.445,8.154,8.855,11.962,14.197
71,-0.795495,0.088388,0.088388,-2.466,-0.627,2.768,3.521,7.102,8.175,14.473,14.561
72,-0.707107,0.176777,0.0,-1.536,-1.536,2.787,2.787,8.178,8.178,14.054,14.054
73,-0.618718,0.265165,-0.088388,-2.29,-0.729,2.143,3.244,8.596,10.49,11.484,13.647
74,-0.53033,0.353553,-0.176777,-2.888,-0.583,2.754,4.045,9.274,9.341,12.119,13.329
75,-0.353553,0.353553,-0.176777,-3.585,-0.174,3.743,4.939,8.566,9.831,10.076,14.124
76,-0.265165,0.441942,-0.265165,-3.34,-0.545,3.924,4.642,8.4,9.722,10.308,13.579
77,-0.176777,0.53033,-0.353553,-2.888,-0.583,2.754,4.045,9.274,9.341,12.119,13.329
78,-0.088388,0.618718,-0.441942,-2.29,-0.729,2.143,3.244,8.596,10.49,11.484,13.647
79,-0.707107,0.0,0.176777,-1.536,-1.536,2.787,2.787,8.178,8.178,14.054,14.054
80,-0.618718,0.088388,0.088388,-2.466,-0.627,2.768,3.521,7.102,8.175,14.473,14.561
81,-0.53033,0.176777,-0.0,-3.165,0.239,2.842,3.445,8.154,8.855,11.962,14.197
82,-0.441942,0.265165,-0.088388,-3.54,0.362,2.883,4.275,9.085,9.762,11.227,12.145
83,-0.265165,0.265165,-0.088388,-4.508,1.578,3.893,5.431,8.925,9.883,10.065,12.507
84,-0.176777,0.353553,-0.176777,-4.201,0.919,4.37,4.617,8.454,9.848,10.672,11.678
85,-0.088388,0.441942,-0.265165,-3.54,0.362,2.883,4.275,9.085,9.762,11.227,12.145
86,0.0,0.53033,-0.353553,-2.641,-0.366,1.977,3.62,9.076,10.753,11.423,13.239
87,-0.618718,-0.088388,0.265165,-2.29,-0.729,2.143,3.244,8.596,10.49,11.484,13.647
88,-0.53033,0.0,0.176777,-3.165,0.239,2.842,3.445,8.154,8.855,11.962,14.197
89,-0.441942,0.088388,0.088388,-3.966,1.263,3.533,3.996,7.558,9.103,12.205,12.477
90,-0.353553,0.176777,0.0,-4.429,1.914,3.491,4.777,8.654,10.108,10.404,11.709
91,-0.176777,0.176777,0.0,-5.218,3.52,4.576,5.912,9.247,9.329,9.567,11.755
92,-0.088388,0.265165,-0.088388,-5.016,2.98,4.886,4.962,8.354,9.913,10.675,10.961
93,0.0,0.353553,-0.176777,-4.429,1.914,3.491,4.777,8.654,10.108,10.404,11.709
94,0.088388,0.441942,-0.265165,-3.54,0.362,2.883,4.275,9.085,9.762,11.227,12.145
95,-0.53033,-0.176777,0.353553,-2.888,-0.583,2.754,4.045,9.274,9.341,12.119,13.329
96,-0.441942,-0.088388,0.265165,-3.54,0.362,2.883,4.275,9.085,9.762,11.227,12.145
97,-0.353553,0.0,0.176777,-4.429,1.914,3.491,4.777,8.654,10.108,10.404,11.709
98,-0.265165,0.088388,0.088388,-5.016,2.98,4.886,4.962,8.354,9.913,10.675,10.961
99,-0.176777,0.176777,0.176777,-4.958,2.277,5.445,5.445,8.234,9.712,9.712,13.124
100,-0.088388,0.265165,0.088388,-5.016,2.98,4.886,4.962,8.354,9.913,10.675,10.961
101,0.0,0.353553,0.0,-4.676,2.687,4.314,4.314,7.337,9.342,11.964,11.964
102,0.088388,0.441942,-0.088388,-3.966,1.263,3.533,3.996,7.558,9.103,12.205,12.477
103,-0.53033,-0.176777,0.53033,-3.04,-0.179,2.67,3.999,7.727,10.658,11.952,12.127
104,-0.441942,-0.088388,0.441942,-2.836,-0.438,2.211,4.317,8.052,11.674,11.688,13.168
105,-0.353553,0.0,0.353553,-3.714,0.723,2.451,4.876,8.657,10.995,11.343,12.353
106,-0.265165,0.088388,0.265165,-4.508,1.578,3.893,5.431,8.925,9.883,10.065,12.507
107,-0.088388,0.088388,0.265165,-5.016,2.98,4.886,4.962,8.354,9.913,10.675,10.961
108,0.0,0.176777,0.176777,-5.218,3.52,4.576,5.912,9.247,9.329,9.567,11.755
109,0.088388,0.265165,0.088388,-5.016,2.98,4.886,4.962,8.354,9.913,10.675,10.961
110,0.176777,0.353553,0.0,-4.429,1.914,3.491,4.777,8.654,10.108,10.404,11.709
111,-0.441942,-0.265165,0.618718,-3.54,0.362,2.883,4.275,9.085,9.762,11.227,12.145
112,-0.353553,-0.176777,0.53033,-2.888,-0.583,2.754,4.045,9.274,9.341,12.119,13.329
113,-0.265165,-0.088388,0.441942,-3.54,0.362,2.883,4.275,9.085,9.762,11.227,12.145
114,-0.176777,0.0,0.353553,-4.429,1.914,3.491,4.777,8.654,10.108,10.404,11.709
115,0.0,0.0,0.353553,-4.676,2.687,4.314,4.314,7.337,9.342,11.964,11.964
116,0.088388,0.088388,0.265165,-5.016,2.98,4.886,4.962,8.354,9.913,10.675,10.961
117,0.176777,0.176777,0.176777,-4.958,2.277,5.445,5.445,8.234,9.712,9.712,13.124
118,0.265165,0.265165,0.088388,-4.508,1.578,3.893,5.431,8.925,9.883,10.065,12.507
119,-0.353553,-0.353553,0.707107,-3.714,0.723,2.451,4.876,8.657,10.995,11.343,12.353
120,-0.265165,-0.265165,0.618718,-2.836,-0.438,2.211,4.317,8.052,11.674,11.688,13.168
121,-0.176777,-0.176777,0.53033,-3.04,-0.179,2.67,3.999,7.727,10.658,11.952,12.127
122,-0.088388,-0.088388,0.441942,-3.966,1.263,3.533,3.996,7.558,9.103,12.205,12.477
123,0.088388,-0.088388,0.441942,-3.966,1.263,3.533,3.996,7.558,9.103,12.205,12.477
124,0.176777,-0.0,0.353553,-4.429,1.914,3.491,4.777,8.654,10.108,10.404,11.709
125,0.265165,0.088388,0.265165,-4.508,1.578,3.893,5.431,8.925,9.883,10.065,12.507
126,0.353553,0.176777,0.176777,-4.201,0.919,4.37,4.617,8.454,9.848,10.672,11.678
127,-0.265165,-0.441942,0.795495,-3.54,0.362,2.883,4.275,9.085,9.762,11.227,12.145
128,-0.176777,-0.353553,0.707107,-2.641,-0.366,1.977,3.62,9.076,10.753,11.423,13.239
129,-0.088388,-0.265165,0.618718,-2.29,-0.729,2.143,3.244,8.596,10.49,11.484,13.647
130,0.0,-0.176777,0.53033,-3.165,0.239,2.842,3.445,8.154,8.855,11.962,14.197
131,-0.53033,0.53033,-0.176777,-3.04,-0.179,2.67,3.999,7.727,10.658,11.952,12.127
132,-0.441942,0.618718,-0.265165,-3.54,0.362,2.883,4.275,9.085,9.762,11.227,12.145
133,-0.353553,0.707107,-0.353553,-3.714,0.723,2.451,4.876,8.657,10.995,11.343,12.353
134,-0.265165,0.795495,-0.441942,-3.54,0.362,2.883,4.275,9.085,9.762,11.227,12.145
135,-0.883883,0.176777,0.176777,-3.04,-0.179,2.67,3.999,7.727,10.658,11.952,12.127
136,-0.795495,0.265165,0.088388,-2.29,-0.729,2.143,3.244,8.596,10.49,11.484,13.647
137,-0.707107,0.353553,0.0,-1.45,-1.45,2.351,2.351,10.48,10.48,11.209,11.209
138,-0.618718,0.441942,-0.088388,-2.29,-0.729,2.143,3.244,8.596,10.49,11.484,13.647
139,-0.441942,0.441942,-0.088388,-2.836,-0.438,2.211,4.317,8.052,11.674,11.688,13.168
140,-0.353553,0.53033,-0.176777,-2.888,-0.583,2.754,4.045,9.274,9.341,12.119,13.329
141,-0.265165,0.618718,-0.265165,-2.836,-0.438,2.211,4.317,8.052,11.674,11.688,13.168
142,-0.176777,0.707107,-0.353553,-2.641,-0.366,1.977,3.62,9.076,10.753,11.423,13.239
143,-0.795495,0.088388,0.265165,-2.29,-0.729,2.143,3.244,8.596,10.49,11.484,13.647
144,-0.707107,0.176777,0.176777,-2.027,-1.024,1.902,3.779,7.412,10.337,13.675,14.223
145,-0.618718,0.265165,0.088388,-2.29,-0.729,2.143,3.244,8.596,10.49,11.484,13.647
146,-0.53033,0.353553,-0.0,-2.641,-0.366,1.977,3.62,9.076,10.753,11.423,13.239
147,-0.353553,0.353553,0.0,-3.714,0.723,2.451,4.876,8.657,10.995,11.343,12.353
148,-0.265165,0.441942,-0.088388,-3.54,0.362,2.883,4.275,9.085,9.762,11.227,12.145
149,-0.176777,0.53033,-0.176777,-3.04,-0.179,2.67,3.999,7.727,10.658,11.952,12.127
150,-0.088388,0.618718,-0.265165,-2.29,-0.729,2.143,3.244,8.596,10.49,11.484,13.647
151,-0.707107,0.0,0.353553,-1.45,-1.45,2.351,2.351,10.48,10.48,11.209,11.209
152,-0.618718,0.088388,0.265165,-2.29,-0.729,2.143,3.244,8.596,10.49,11.484,13.647
153,-0.53033,0.176777,0.176777,-3.04,-0.179,2.67,3.999,7.727,10.658,11.952,12.127
154,-0.441942,0.265165,0.088388,-3.54,0.362,2.883,4.275,9.085,9.762,11.227,12.145
155,-0.265165,0.265165,0.088388,-4.508,1.578,3.893,5.431,8.925,9.883,10.065,12.507
156,-0.176777,0.353553,0.0,-4.429,1.914,3.491,4.777,8.654,10.108,10.404,11.709
157,-0.088388,0.441942,-0.088388,-3.966,1.263,3.533,3.996,7.558,9.103,12.205,12.477
158,0.0,0.53033,-0.176777,-3.165,0.239,2.842,3.445,8.154,8.855,11.962,14.197
159,-0.618718,-0.088388,0.441942,-2.29,-0.729,2.143,3.244,8.596,10.49,11.484,13.647
160,-0.53033,0.0,0.353553,-2.641,-0.366,1.977,3.62,9.076,10.753,11.423,13.239
161,-0.441942,0.088388,0.265165,-3.54,0.362,2.883,4.275,9.085,9.762,11.227,12.145
162,-0.353553,0.176777,0.176777,-4.201,0.919,4.37,4.617,8.454,9.848,10.672,11.678
163,-0.265165,0.265165,0.265165,-4.065,0.256,5.117,5.117,7.871,9.658,9.658,14.094
164,-0.176777,0.353553,0.176777,-4.201,0.919,4.37,4.617,8.454,9.848,10.672,11.678
165,-0.088388,0.441942,0.088388,-3.966,1.263,3.533,3.996,7.558,9.103,12.205,12.477
166,0.0,0.53033,0.0,-3.364,0.458,3.597,3.597,6.822,7.748,14.247,14.247
167,-0.618718,-0.088388,0.618718,-2.466,-0.627,2.768,3.521,7.102,8.175,14.473,14.561
168,-0.53033,0.0,0.53033,-2.027,-1.024,1.902,3.779,7.412,10.337,13.675,14.223
169,-0.441942,0.088388,0.441942,-2.836,-0.438,2.211,4.317,8.052,11.674,11.688,13.168
170,-0.353553,0.176777,0.353553,-3.585,-0.174,3.743,4.939,8.566,9.831,10.076,14.124
171,-0.176777,0.176777,0.353553,-4.201,0.919,4.37,4.617,8.454,9.848,10.672,11.678
172,-0.088388,0.265165,0.265165,-4.508,1.578,3.893,5.431,8.925,9.883,10.065,12.507
173,-0.0,0.353553,0.176777,-4.429,1.914,3.491,4.777,8.654,10.108,10.404,11.709
174,0.088388,0.441942,0.088388,-3.966,1.263,3.533,3.996,7.558,9.103,12.205,12.477
175,-0.53033,-0.176777,0.707107,-3.165,0.239,2.842,3.445,8.154,8.855,11.962,14.197
176,-0.441942,-0.088388,0.618718,-2.29,-0.729,2.143,3.244,8.596,10.49,11.484,13.647
177,-0.353553,0.0,0.53033,-2.641,-0.366,1.977,3.62,9.076,10.753,11.423,13.239
178,-0.265165,0.088388,0.441942,-3.54,0.362,2.883,4.275,9.085,9.762,11.227,12.145
179,-0.088388,0.088388,0.441942,-3.966,1.263,3.533,3.996,7.558,9.103,12.205,12.477
180,-0.0,0.176777,0.353553,-4.429,1.914,3.491,4.777,8.654,10.108,10.404,11.709
181,0.088388,0.265165,0.265165,-4.508,1.578,3.893,5.431,8.925,9.883,10.065,12.507
182,0.176777,0.353553,0.176777,-4.201,0.919,4.37,4.617,8.454,9.848,10.672,11.678
183,-0.441942,-0.265165,0.795495,-3.54,0.362,2.883,4.275,9.085,9.762,11.227,12.145
184,-0.353553,-0.176777,0.707107,-2.641,-0.366,1.977,3.62,9.076,10.753,11.423,13.239
185,-0.265165,-0.088388,0.618718,-2.29,-0.729,2.143,3.244,8.596,10.49,11.484,13.647
186,-0.176777,0.0,0.53033,-3.165,0.239,2.842,3.445,8.154,8.855,11.962,14.197
187,0.0,0.0,0.53033,-3.364,0.458,3.597,3.597,6.822,7.748,14.247,14.247
188,0.088388,0.088388,0.441942,-3.966,1.263,3.533,3.996,7.558,9.103,12.205,12.477
189,0.176777,0.176777,0.353553,-4.201,0.919,4.37,4.617,8.454,9.848,10.672,11.678
190,0.265165,0.265165,0.265165,-4.065,0.256,5.117,5.117,7.871,9.658,9.658,14.094
191,-0.353553,-0.353553,0.883883,-3.585,-0.174,3.743,4.939,8.566,9.831,10.076,14.124
192,-0.265165,-0.265165,0.795495,-2.836,-0.438,2.211,4.317,8.052,11.674,11.688,13.168
193,-0.176777,-0.176777,0.707107,-2.027,-1.024,1.902,3.779,7.412,10.337,13.675,14.223
194,-0.088388,-0.088388,0.618718,-2.466,-0.627,2.768,3.521,7.102,8.175,14.473,14.561
195,-0.618718,0.618718,-0.088388,-2.466,-0.627,2.768,3.521,7.102,8.175,14.473,14.561
196,-0.53033,0.707107,-0.176777,-3.165,0.239,2.842,3.445,8.154,8.855,11.962,14.197
197,-0.441942,0.795495,-0.265165,-3.54,0.362,2.883,4.275,9.085,9.762,11.227,12.145
198,-0.353553,0.883883,-0.353553,-3.585,-0.174,3.743,4.939,8.566,9.831,10.076,14.124
199,-0.972272,0.265165,0.265165,-3.34,-0.545,3.924,4.642,8.4,9.722,10.308,13.579
200,-0.883883,0.353553,0.176777,-2.888,-0.583,2.754,4.045,9.274,9.341,12.119,13.329
201,-0.795495,0.441942,0.088388,-2.29,-0.729,2.143,3.244,8.596,10.49,11.484,13.647
202,-0.707107,0.53033,0.0,-1.536,-1.536,2.787,2.787,8.178,8.178,14.054,14.054
203,-0.53033,0.53033,0.0,-2.027,-1.024,1.902,3.779,7.412,10.337,13.675,14.223
204,-0.441942,0.618718,-0.088388,-2.29,-0.729,2.143,3.244,8.596,10.49,11.484,13.647
205,-0.353553,0.707107,-0.176777,-2.641,-0.366,1.977,3.62,9.076,10.753,11.423,13.239
206,-0.265165,0.795495,-0.265165,-2.836,-0.438,2.211,4.317,8.052,11.674,11.688,13.168
207,-0.883883,0.176777,0.353553,-2.888,-0.583,2.754,4.045,9.274,9.341,12.119,13.329
208,-0.795495,0.265165,0.265165,-2.836,-0.438,2.211,4.317,8.052,11.674,11.688,13.168
209,-0.707107,0.353553,0.176777,-2.641,-0.366,1.977,3.62,9.076,10.753,11.423,13.239
210,-0.618718,0.441942,0.088388,-2.29,-0.729,2.143,3.244,8.596,10.49,11.484,13.647
211,-0.441942,0.441942,0.088388,-2.836,-0.438,2.211,4.317,8.052,11.674,11.688,13.168
212,-0.353553,0.53033,0.0,-2.641,-0.366,1.977,3.62,9.076,10.753,11.423,13.239
213,-0.265165,0.618718,-0.088388,-2.29,-0.729,2.143,3.244,8.596,10.49,11.484,13.647
214,-0.176777,0.707107,-0.176777,-2.027,-1.024,1.902,3.779,7.412,10.337,13.675,14.223
215,-0.795495,0.088388,0.441942,-2.29,-0.729,2.143,3.244,8.596,10.49,11.484,13.647
216,-0.707107,0.176777,0.353553,-2.641,-0.366,1.977,3.62,9.076,10.753,11.423,13.239
217,-0.618718,0.265165,0.265165,-2.836,-0.438,2.211,4.317,8.052,11.674,11.688,13.168
218,-0.53033,0.353553,0.176777,-2.888,-0.583,2.754,4.045,9.274,9.341,12.119,13.329
219,-0.353553,0.353553,0.176777,-3.585,-0.174,3.743,4.939,8.566,9.831,10.076,14.124
220,-0.265165,0.441942,0.088388,-3.54,0.362,2.883,4.275,9.085,9.762,11.227,12.145
221,-0.176777,0.53033,0.0,-3.165,0.239,2.842,3.445,8.154,8.855,11.962,14.197
222,-0.088388,0.618718,-0.088388,-2.466,-0.627,2.768,3.521,7.102,8.175,14.473,14.561
223,-0.707107,0.0,0.53033,-1.536,-1.536,2.787,2.787,8.178,8.178,14.054,14.054
224,-0.618718,0.088388,0.441942,-2.29,-0.729,2.143,3.244,8.596,10.49,11.484,13.647
225,-0.53033,0.176777,0.353553,-2.888,-0.583,2.754,4.045,9.274,9.341,12.119,13.329
226,-0.441942,0.265165,0.265165,-3.34,-0.545,3.924,4.642,8.4,9.722,10.308,13.579
227,0.353553,-0.353553,-0.353553,-3.427,-0.767,5.006,5.006,7.743,9.547,9.547,13.941
228,0.441942,-0.265165,-0.441942,-3.34,-0.545,3.924,4.642,8.4,9.722,10.308,13.579
229,0.53033,-0.176777,-0.53033,-3.04,-0.179,2.67,3.999,7.727,10.658,11.952,12.127
230,0.618718,-0.088388,-0.618718,-2.466,-0.627,2.768,3.521,7.102,8.175,14.473,14.561
231,0.0,-0.707107,0.0,-1.614,-1.614,3.351,3.351,6.917,6.917,16.309,16.309
232,0.441942,-0.441942,-0.265165,-3.34,-0.545,3.924,4.642,8.4,9.722,10.308,13.579
233,0.53033,-0.353553,-0.353553,-3.585,-0.174,3.743,4.939,8.566,9.831,10.076,14.124
234,0.618718,-0.265165,-0.441942,-3.54,0.362,2.883,4.275,9.085,9.762,11.227,12.145
235,0.707107,-0.176777,-0.53033,-3.165,0.239,2.842,3.445,8.154,8.855,11.962,14.197
236,0.088388,-0.795495,0.088388,-2.466,-0.627,2.768,3.521,7.102,8.175,14.473,14.561
237,0.176777,-0.707107,0.0,-1.536,-1.536,2.787,2.787,8.178,8.178,14.054,14.054
238,0.265165,-0.618718,-0.088388,-2.29,-0.729,2.143,3.244,8.596,10.49,11.484,13.647
239,0.353553,-0.53033,-0.176777,-2.888,-0.583,2.754,4.045,9.274,9.341,12.119,13.329
240,0.53033,-0.53033,-0.176777,-3.04,-0.179,2.67,3.999,7.727,10.658,11.952,12.127
241,0.618718,-0.441942,-0.265165,-3.54,0.362,2.883,4.275,9.085,9.762,11.227,12.145
242,0.707107,-0.353553,-0.353553,-3.714,0.723,2.451,4.876,8.657,10.995,11.343,12.353
243,0.795495,-0.265165,-0.441942,-3.54,0.362,2.883,4.275,9.085,9.762,11.227,12.145
244,0.176777,-0.883883,0.176777,-3.04,-0.179,2.67,3.999,7.727,10.658,11.952,12.127
245,0.265165,-0.795495,0.088388,-2.29,-0.729,2.143,3.244,8.596,10.49,11.484,13.647
246,0.353553,-0.707107,0.0,-1.45,-1.45,2.351,2.351,10.48,10.48,11.209,11.209
247,0.441942,-0.618718,-0.088388,-2.29,-0.729,2.143,3.244,8.596,10.49,11.484,13.647
248,0.618718,-0.618718,-0.088388,-2.466,-0.627,2.768,3.521,7.102,8.175,14.473,14.561
249,0.707107,-0.53033,-0.176777,-3.165,0.239,2.842,3.445,8.154,8.855,11.962,14.197
250,0.795495,-0.441942,-0.265165,-3.54,0.362,2.883,4.275,9.085,9.762,11.227,12.145
251,0.883883,-0.353553,-0.353553,-3.585,-0.174,3.743,4.939,8.566,9.831,10.076,14.124
252,0.265165,-0.972272,0.265165,-3.34,-0.545,3.924,4.642,8.4,9.722,10.308,13.579
253,0.353553,-0.883883,0.176777,-2.888,-0.583,2.754,4.045,9.274,9.341,12.119,13.329
254,0.441942,-0.795495,0.088388,-2.29,-0.729,2.143,3.244,8.596,10.49,11.484,13.647
255,0.53033,-0.707107,0.0,-1.536,-1.536,2.787,2.787,8.178,8.178,14.054,14.054
256,0.0,0.0,-0.707107,-1.614,-1.614,3.351,3.351,6.917,6.917,16.309,16.309
257,0.088388,0.088388,-0.795495,-2.466,-0.627,2.768,3.521,7.102,8.175,14.473,14.561
258,0.176777,0.176777,-0.883883,-3.04,-0.179,2.67,3.999,7.727,10.658,11.952,12.127
259,0.265165,0.265165,-0.972272,-3.34,-0.545,3.924,4.642,8.4,9.722,10.308,13.579
260,-0.353553,-0.353553,-0.353553,-3.427,-0.767,5.006,5.006,7.743,9.547,9.547,13.941
